Inlet Diameter (m),Exit Diameter (m),Length (m),Chamber Pressure (Pa),Combustion Temperature (K),Exit Velocity (m/s),Mass Flow Rate (kg/s),Thrust (N)
1.5993428306022466,1.3535380355072724,4.419806630975801,2662410.862512809,1877.8361076166639,1780.5687245482957,12654.628218736705,26217583.34948171
1.472347139765763,1.318443918273478,4.277390104873831,2927740.664642241,1744.8814283671466,1703.8992042047341,13597.724485443428,28578705.15474332
1.6295377076201385,1.1896792361864559,4.017889110976053,2603790.0395000195,1718.1801116577692,1688.0818129935346,9906.559636720134,18031991.140930593
1.8046059712816052,1.494481659334267,3.8059189666883277,2846019.23518048,1799.6625542589047,1735.8994652341278,16775.861402130435,33935862.263740845
1.4531693250553328,1.1152607688931147,4.209466994084077,2053192.6665231073,1782.9815377475072,1726.2181069821258,6764.936230010688,13584502.546218216
1.453172608610164,1.1271442236558527,4.118045615626525,3106646.853686469,1754.6771950672726,1709.6653537778745,10521.97042084413,21944592.650303498
1.8158425631014783,1.3988893453934002,4.26855796600832,3000602.7376811123,1869.6387447456716,1775.9373895930892,15232.13934398023,31558250.9848305
1.6534869458305819,1.251359683715281,4.1905515405045906,2591455.6844659047,1895.530520857051,1790.5248538024027,10487.935464731405,21841410.817170482
1.4061051228130095,1.12829542373143,4.314865814595801,3329622.8342162026,1808.8406886291848,1889.4403701777421,11164.060859051791,22666718.619972475
1.608512008717193,1.2199799449291493,3.8394294365318298,3468785.0688132793,1947.753008105526,1713.5390078013936,13196.387891009874,27948418.991160177
1.4073164614375075,1.1448840863014114,4.395218219690298,2196220.067815513,1685.8310885866495,1668.7179803224944,7796.507667379477,15166800.298655776
1.4068540492859487,1.1219493550434096,4.05927988140772,2618637.610716893,1780.6340540720282,1724.851308533472,8943.195540500225,17557652.079004735
1.5483924543132068,1.2202146958135243,4.62257826178758,2615428.8251063507,1728.3177679397195,1694.1045738116866,10443.939770821182,20633114.369501013
1.1173439510684404,0.8431721224551674,3.79324365457313,2530048.4494455676,1613.346338292694,1624.4914480687257,4955.454215797989,9406220.19144436
1.1550164334973934,0.8907041285390856,4.520789140949574,3414737.420965874,1791.73193141573,1731.3034270139356,7162.369627630326,14464817.896439604
1.3875424941518055,1.1624408665985775,4.0593732350387945,2903086.9306135983,1787.8252491616715,1729.0348939229089,10380.369223077747,20921485.732236065
1.2974337759331152,1.070442364654957,3.8045745989156656,2867742.5793446945,1951.3449743242131,1821.5735022662022,8392.893614858127,17777899.096048914
1.5628494665190549,1.173890988573928,3.8548342497837034,1998068.8177966233,1863.0811684554778,1772.223785484219,7166.1368045316985,14752833.342908846
1.3183951848957578,1.0612641095757305,3.903895807541704,3317709.0151046133,1697.5813175670796,1675.7774376251198,10092.606232547123,19758108.94891311
1.2175392597329417,1.019773573884501,4.127249783920575,2380370.8025732636,1985.4092566334189,1840.265494382906,6277.907213611924,13414462.02203468
1.793129753784311,1.2848307889922792,4.15685064641065,3029966.315133164,1922.1033695525352,1805.3734809203295,12854.415088561394,26949003.391089644
1.454844739902693,1.2034010278099776,3.8278899988184265,3138688.468979096,1858.2097703468617,1769.4600312090881,11842.606967260605,24409696.329540532
1.5135056409375847,1.1606602729008775,3.9926936223217053,3680329.2979193255,1777.3515901150167,1722.9383092837681,13149.996249099608,26443344.86844077
1.2150503627573086,1.0067055961689946,4.6426811075835595,2345589.8004404437,1704.0560763276521,1673.3775294856596,6410.995917334128,12554619.573720992
1.3911234550949634,1.059809378326856,4.518262951030214,1490243.9220895874,1762.7793223928948,1714.4199110632621,4454.146122446214,9116303.31199252
1.5221845179419733,1.0803794348364728,4.130897100902209,3091924.7723768475,1908.8748619704186,1797.9968587014444,9300.907738612892,19464582.086184718
1.2698012845155393,0.9125082537010519,4.01140104345046,3900255.590755427,1988.4586305934608,1841.92951802803,8231.053958573752,17645440.256106902
1.5751396036691343,1.2638987081266406,4.036009398015478,3619473.1764697186,1954.324352827219,1823.2160152744855,14758.550843226343,31321987.83555079
1.379872262016239,1.121817003410338,4.184055391819125,3104829.707637313,1751.1150578213726,1707.5708012944517,10105.957460628048,20770184.865552157
1.4416612500413446,1.0881430882240162,3.6931622304404783,2754181.9071839764,1688.038256671099,1670.0463080531847,8827.611168816311,17209556.777395852
1.3796586775541206,1.1477789234019378,3.9227870387729964,3403561.298318655,1814.0886246911205,1744.2287630993544,11795.79840856564,23991331.223516144
1.8704556369017875,1.3409745312066108,3.4994247778367233,2513226.900147766,1623.1560634437149,1630.5470358381658,12421.617203094302,23660391.39069375
1.4973005550524132,1.1928933780823117,4.119766936781584,3238178.8846781095,1832.316771418478,1754.6967557528906,12648.065204261798,24691365.43498228
1.2884578142088199,0.9527490870811857,4.194158781910822,3252735.0795833133,1785.239741370133,1580.5005164435731,7540.902325457983,15751707.932990326
1.6645089824206378,1.2773578331113702,3.855044061310188,3530104.9537494397,1753.3963498131757,1708.9125066828626,15359.774116954353,30642455.398216635
1.2558312700057956,1.0076412526844305,4.4721960289870095,4379830.019455539,1640.5296932733204,1641.2170298832348,12172.60091424716,23389760.369271517
1.5417727190009511,1.1670900825178312,3.6322703010992976,3196207.9835893833,1851.3600106569716,1765.5665485655268,11359.764614019752,23367296.066743176
1.108065975224045,0.8651471344719942,3.560687535937054,2745518.1871462506,1746.7299160338089,1704.9887849433305,5488.230849378238,10911772.845542196
1.2343627902203138,1.0495967521642797,4.067335545567992,2987212.8439040026,1683.0083164289713,1667.0176245668652,8918.61432635407,17364462.79975667
1.5393722471738247,1.187095231060852,4.314129490783646,2115462.047555441,1512.773778671835,1561.0531676321125,8416.90442503714,14036470.046050826
1.647693315999082,1.3870028681634103,4.505178307437361,2652643.434455471,1797.2485094949363,1734.5017418710338,12641.393227238521,27227479.11501214
1.5342736562379942,1.140754951671762,3.862334721139318,2795358.780943448,1977.2251596669744,1835.7920292279393,9241.063703738568,19718123.93647589
1.4768703435223518,1.2206188787297476,4.323604250029389,2737955.801032704,1966.125921454787,1829.707659784802,10386.980248445829,22090451.309191912
1.4397792608821423,1.2556004388638,3.988447459149788,3076177.436016861,1754.2903743413729,1709.4380256923146,12929.999558274101,25786512.16077766
1.2042956019265145,0.8146069514897539,3.948211810017754,2588790.0338088996,1739.778793963822,1700.8878621623492,4595.227643853636,9112379.064502228
1.3560311583210582,1.0307941868400372,4.265097981246002,3560515.3336622356,1846.8774256075023,1763.0139407118809,9881.133921527711,20307320.78455319
1.4078722458080426,1.1669199882307788,4.1956968635240255,3000103.5324590984,1700.1614560811709,1677.3235888690951,11027.508949306623,21596882.068373997
1.7114244452437832,1.3517647143366298,3.527082352904725,2995349.8394306926,1830.1791899819466,1753.4724278956385,14347.869657422638,29311903.837185767
1.5687236579136923,1.2840901919356844,4.442962104917768,2836052.641743541,1876.608027838469,1779.875653167161,12135.390841068578,25141050.08733946
1.1473919689274532,0.8832631875125185,4.4140274062442355,3077595.3419294897,1922.6933223884307,1805.7017548147849,6169.644054517206,12964191.4117329
1.564816793878959,1.2586282927839674,3.812331189547141,3412549.1323338174,1789.9845923520047,1730.289149432112,14298.0106022352,28859467.055089712
1.4229835439167366,1.1273105279271203,4.118741060031223,2566434.8921445496,1779.6326249823035,1724.2679069704313,8646.176427603508,17368767.437068496
1.3646155999388083,1.1713711608845305,4.148209055884822,2670941.7554623717,1712.2017413243439,1758.7385292016404,9865.225919563522,19387325.35396301
1.6223352577681736,1.3185060014344725,4.078202129747172,2848136.985611668,1717.311964596014,1687.5650494309846,13312.779907345566,26216629.120345164
1.7061999044991902,1.3937608050889214,3.834908453846374,2327064.5382633926,1777.3521108098473,1722.9386129098643,11989.845381579677,25761572.079031795
1.6862560238232398,1.3142783182986895,3.7985129896185845,2590371.070139251,1836.7365506816177,1757.225537064639,11712.50085730664,24146447.11007327
1.3321564953554723,1.0332468063556814,3.9923337787025663,2761889.5632276703,1891.3584626233248,1788.182352801911,7627.544321938067,15870297.636477483
1.4381575248297571,1.1194216792268303,4.351818705777809,3437194.590356364,1719.6821049319656,1676.2993817609245,11574.41511458615,22832020.643705513
1.5662526862807127,1.2838927354050296,4.1630800463783295,3131280.6645009625,1949.2688568959522,1820.428075372351,13189.05228730743,27932407.908763543
1.6951090254244718,1.3204064906894744,3.888815700374168,3096794.955683772,1772.8876398957432,1720.3333337538143,14334.794596160667,28762384.077507585
1.404165152430942,1.1436767097499838,4.231509613194503,3425448.9810839863,1797.8632705651564,1734.8577932240146,11829.424289393724,23937234.779450193
1.4628682046672365,1.3220964557477595,3.145437213810977,2931314.105800302,1725.2788320852176,1692.3013978752226,13751.161710890434,26286660.44873731
1.2787330051987944,1.0786831996551414,4.344629710111631,3195232.4249644447,1557.575973972706,1589.6258312263478,10381.695489975447,20636651.187901832
1.2607586751838658,0.988055090322358,3.47808586636657,2948389.123533752,1888.404539636105,1786.5219454901214,7450.626111026062,15493685.51257915
1.6625051644788396,1.4298553490451438,3.89126771757906,3132681.174699814,1873.6843897092433,1778.2246001172823,16631.174168562102,34441520.168200776
1.7712480057141646,1.3808582700390573,3.6640990316121567,2708620.671194209,1771.8672442881787,1719.7373192759562,13715.437500849319,27491566.133992735
1.4855979756839333,1.0370866963645478,3.6115955572837284,1780591.4208617855,1806.6990717224871,1838.229526465606,5046.403439906834,10199109.900459465
1.7007065795784049,1.2748423125747164,4.348248036213556,2932860.418906848,1851.59392177041,1765.6996479326187,12436.774145786952,25573912.898969837
1.5723272050095267,1.110786912390572,3.8596896396064326,3711374.06804997,1643.7454143113457,1643.1843622206557,12525.07416961065,25058852.02750934
1.370976049078975,1.0726850108857333,4.103951164519215,3463107.701120796,1747.0947322653706,1705.2037415738398,10641.493279125049,21184027.299319256
1.5722791211016829,1.2592712385335596,3.985923826336245,3482698.7422955856,1879.4264679621826,1781.4658496305262,14323.164194199713,29727580.675162535
1.8076073132931938,1.5976028679318746,4.143112248166936,3618065.360903109,1674.571057683075,1661.9248944388212,25075.766306277706,48723695.049824364
1.4928347921780096,1.2186702616459342,4.023046567318077,3044328.795480719,1829.355793216663,1753.0005884482475,11854.416843575622,24213636.29168748
1.8129287311628013,1.4304823027457134,3.615102332743429,3098657.853702798,1664.3418195376594,1655.7295174900992,17259.086261666664,33393524.84193163
0.9760509791820511,0.821317889828301,4.298880045834142,2691174.052282825,1846.6429982433526,1762.8803443570075,4741.727303465214,9731201.446251795
1.6643805008750447,1.1474958760445837,3.8518730250516064,2841963.571986475,1796.4358517702517,1734.03096245556,9883.214882644104,19972088.196661994
1.5174094136476342,1.2318037183414257,3.5330254304020747,3307885.574885571,1638.4868184094491,1639.9660022607259,13745.410768383575,26363317.05591903
1.4401985299068265,1.2076687698750788,3.871565451710226,3601942.218584408,1916.4739354457172,1872.6480614113452,13516.802707201196,28370364.75992086
1.5183521553071004,1.1024309935913175,4.450227937190293,2930276.8621595004,1726.540842320195,1693.050454509872,9555.135701841411,18877665.711765938
1.1024862170798215,0.9450376270821051,4.255066522634047,2774905.367574294,1718.974756298562,1688.5546856908472,6660.768496041923,13122417.505922595
1.4560656224324977,1.1894961470594743,3.8954043596776424,3000263.979428299,1820.0569197230943,1747.6631173214132,11152.972420076901,22713115.543308787
1.5714225143023492,1.2245083725508108,3.895222688704471,3300603.3744645575,1914.8637349428716,1801.3401804788177,12738.170265451185,26713383.48962631
1.7955788089483034,1.493273532632003,3.9035094846347853,2278072.591933229,1698.4178181021603,1676.2788678509241,13717.670188075092,26806849.537007354
1.3963459563452705,1.2756104045810792,4.623024395068252,1851909.523431381,1806.1679849847972,1739.6604957948555,7941.35412464754,16052482.004821483
1.3383012794213625,1.0828106156285078,4.114580635669466,2724731.5752542084,1842.8816500330572,1760.7354268867098,8351.369925085919,17120350.202508308
1.3996485912830927,1.1370899527236107,4.129012494157321,2389643.7870429205,1869.3105607263144,1775.7517211579498,8030.7466780074865,16584397.812431268
1.6830804235404149,1.307807271964527,4.309085036209552,2745929.9011763446,1817.6441555277224,1746.2755463871185,12345.627821952154,25111401.418380532
1.5657502219319368,1.1860679770406943,4.071636747707954,2926109.8405912644,1763.2972160916677,1691.3069133155086,10952.434450967574,21901400.04587933
1.3940479592465922,1.1731147649244167,3.922287356253789,2773375.7954884935,1717.240977935128,1687.5227877021248,10262.199557571603,20205817.992347103
1.6026534866226712,1.213522502876431,3.9410950452745066,3726233.7672353727,1808.6143883046375,1741.072750099755,14453.367058877127,29356955.811044026
1.519415509869608,1.220969350436394,3.978519622175781,3163372.38230116,1692.7860988014393,1672.900100910593,12751.465393166014,24917110.610194623
1.693728998106578,1.3145320850478812,3.9888333290470475,3150237.1798054143,1507.8649516505393,1557.8907023918628,15388.36586624995,28111265.308999024
1.3595893812245294,1.120232299224902,4.218288863091094,3311103.572021701,1843.6559804157669,1761.1772041019672,10860.365605849853,22290625.191137005
1.4344675706804464,1.171505430024312,4.01558376574219,2430583.4411096154,1890.3934841086195,1787.6401056402979,8630.964983874162,16645657.894484224
1.4215783693735684,1.211009912604759,4.219792023164674,3519555.8937101346,1563.7067564458162,1593.495896155494,14391.67123863695,26870261.768534627
1.2072970103735763,0.9350505446199194,3.9757850259674252,2962117.85673227,1699.0269295290063,1676.6438980442774,6992.708260942487,13688756.468058972
1.5592240554129153,1.226339469777211,4.023590557094828,3335240.308620606,1861.9154261005199,1771.562802001408,13058.024412237819,26952904.262652714
1.552211054435978,1.1658064505828758,3.400539794640368,2464071.383479922,2005.7495469711698,1851.3367743893925,8457.60208225873,18179955.787520975
1.501022691328492,1.167473439813866,4.274898302410745,2223120.616991968,1802.0793707675407,1737.2976669677992,7992.629763534871,16156944.751016354
1.4530825733249706,1.1898784972274963,4.103946542769398,3408944.829012514,1727.1997058770867,1693.4413863503291,12947.477033228319,25163550.498318646
1.216925851589917,1.0196006321196847,4.299403032957896,3188204.7630487583,1781.710355889516,1725.4781087010635,8782.356816412288,17674166.264199905
1.415870935446928,1.0674133943485378,3.1311233865418933,2548974.222821245,1937.4876419148186,1813.9144944791476,7439.4519007549225,15684833.431437459
1.431457096694646,1.2074058556388632,4.626512411434218,2565168.4593626526,1735.4035820875465,1698.301559696514,10013.112506061174,19826326.56207003
1.3395445461556763,1.1624325019407575,3.958123111553448,3562717.3922073846,1720.0807993349747,1689.2126432583116,12935.54312866726,25524350.527338155
1.4677428576667981,1.2045350924492761,4.332454845021255,2405294.053566336,1751.7256477817969,1675.3491869051322,9309.865433164889,18526058.780332882
1.5808101713629077,1.4129910325934814,3.6880282218623406,3821336.4766279818,1704.6671391741288,1768.5935376825435,20573.17588302774,40396633.33234841
1.8772371802421062,1.4291604514823355,4.1838321715187705,2549689.6326760654,1812.2670315994797,1743.1792105071743,13705.708015231601,27819111.668531124
1.5349155625663677,1.1324104563463884,3.683975331047903,3319195.9628041917,1962.4678458469562,1827.6979416885554,10846.130822561863,23064355.584770307
1.5515100781445528,1.1032229428969036,3.8128693117912587,2835690.762125508,1832.307927311603,1754.6916919343894,9043.158185917559,18481758.7814595
1.4851108168467666,1.2991782329511463,4.574209406160036,3301593.7155411714,1774.7646497873711,1721.4291588823091,14789.102395908207,29700813.437156998
1.1162457569401916,0.9295182499217832,3.942795279770996,2727942.9989429037,1770.8188731084456,1719.124749016329,6260.610917196124,12545160.77129082
1.4946972249101567,1.1916036672602552,4.065229861953917,2918603.546963853,1643.6809191303344,1643.1449281346238,11335.206996225674,21767222.58423394
1.5120460419882054,1.2308031062559524,4.261020319206626,3020459.587697861,1888.3109777147158,1786.469328891785,11844.168394734688,24632374.587282054
1.9926484224970573,1.4819835392658047,4.148704566391781,2498906.2721092636,1792.2162802987198,1731.5844717536113,14508.493565469973,29258391.220812652
1.4615278070437756,1.3479489720021383,4.045125671543073,3370412.172710063,1781.9520086409375,1725.618807431893,16225.986506427902,32664992.501979
1.5603094684667225,1.2583288264614985,4.1094883007398675,2743393.2167642075,2119.3107567844863,1911.9707291548445,10722.480843091464,23786726.330250863
1.4930576460589513,1.2026127535733553,4.721024675571482,2885700.042329991,1829.8752908365686,1753.2982962526542,11183.664304151207,22346167.28642904
1.2662643924760935,1.0589621356354,3.9827143608899243,2502825.312695744,1724.8208949904815,1692.0295107796212,7533.341596800703,14861748.409057712
1.7285645629030042,1.4244244259428676,4.0603297140144905,1718833.1706023447,1757.3642403794456,1711.2436519696544,9291.695011971882,18477952.123257894
1.650386606537355,1.338784044984282,4.3151963188022835,2904486.1186999157,1914.8445709196756,1801.3294919523887,13399.306550347324,28082583.479454022
1.6582063894086094,1.2610266218927022,4.331657779887395,4206307.710806458,1811.3270410537764,1742.6373661612465,17607.27032694965,35809926.715589195
1.3181225090410522,1.08557065992492,4.356109091668114,3392302.143949012,1656.1722021682633,1650.7648573999872,10902.4166398583,21043333.56121475
1.78055886218722,1.5919998595523792,4.191619066608755,2990369.8101328025,1891.9228934575203,1788.4994453364723,19603.276122000407,40811274.231931016
1.2196297874415438,1.0577495481988144,3.657098526180855,2868554.585395866,1733.1855914461007,1696.9889416764693,8959.920249013117,17022280.22614627
1.617371418760054,1.4227358607419087,4.490029459690328,3011232.946406023,1987.3297776217546,1841.3136855691573,15451.942424427016,33078001.51596393
1.9380911251619957,1.5009337718528484,3.6560963820943937,3273559.557587605,1908.0048065714648,1797.510628086625,19009.36626063723,39782320.63452872
1.3018927349738623,0.9770962216796019,4.0907906395717095,2409593.5923455777,1755.2678104341248,1710.0123902755236,6132.063822903777,12216721.07648714
1.3867404540794457,1.1006706727287445,3.7737172449941925,3557160.847334436,1928.1016361735112,1808.7083851868563,11060.869089322798,23294083.2727835
1.5199302730175281,1.2201791174714642,3.9807584960221023,3357690.657720622,1806.7855510527404,1740.0171111250097,13172.46638290138,26728082.65438278
1.3993048691767602,1.1959992713218237,4.0986287230910445,3359092.862853967,1885.2773675122219,1784.762471145862,12445.75770436691,25872643.41394615
1.1898673137867735,0.851203433897524,4.096407164635082,3219237.8694048636,1848.4732817294475,1871.862272246637,6090.0184468608395,12516597.963381287
1.5137125949612054,1.3267350551286876,4.126576226270585,3009808.328846995,1715.3643345009127,1686.405148690376,14250.992834993334,24337988.758077115
1.287539257254779,1.0198593371849842,4.484113380717594,3336430.61798341,1735.6450167682538,1698.4443807329374,9291.490874508341,18423847.603102103
1.5947184861270363,1.241737032220487,4.136060290454194,3295907.066870689,1902.9960817581161,1794.7089393215467,13113.622760841477,27403819.460288994
1.3161151531532393,0.9862898272799616,3.9267530094128054,2822979.644529488,1766.5224667893458,1716.6120466323111,7301.333316600284,14612927.833694652
1.8099868810035078,1.298226061501898,4.289226150486507,2713199.1135515496,1759.6351536758004,1712.5763913000992,12177.046549024695,23814156.56400421
1.3433493415327526,1.1299697563229205,4.356841146677392,3050928.1476309933,1704.4877420650646,1679.9129276597755,10504.87379545084,20605197.957893334
1.4355876967588648,1.153732875989444,3.6317176554589023,3774510.075747594,1842.3599065593462,1760.4376950761487,13135.591706919999,26964496.931763854
1.662703443473934,1.222921633281838,4.179220020954958,2380446.4621730493,2006.2524919243144,1851.6096901475003,8989.837874357601,20206814.846807253
1.253827136713209,0.9218714639408382,4.210351822693269,2266237.36712378,1693.2467085745727,1673.1767013302326,5207.149400734473,10157491.369714633
1.545491986920826,1.2104459614324852,3.9107309489920024,3082380.4206182584,1802.4219456672758,1737.4957659017593,11911.78010029141,24127114.718095228
1.7614285508564858,1.5561359490171276,4.412712043993486,3025443.850928009,1941.2220555415429,1815.9817007069207,18752.22260034075,39615039.82798338
1.1785033530877544,0.9275062185694741,3.954983323890242,3086670.832185204,1792.0358608754284,1731.4797882302994,7019.837170498136,13655541.515169278
1.5369267717064607,1.1140303850477122,4.037672936041463,3121976.59895425,1845.2371796249734,1762.078978615726,9157.000742652628,20782663.432259046
1.5519765588496848,1.2225118733316838,3.948078452714839,2888398.8726825975,1693.760647185312,1673.4852722452647,11669.85674799798,22800815.380979344
1.656364574355462,1.3025051765082796,4.00467371427444,3744931.719301041,1842.8307097207648,1760.7063601229534,16643.056624644207,34098011.1790503
1.2526098578243836,0.8331805465403309,3.6711174739314396,2199548.0107617425,1781.285573499545,1725.230757641224,4046.2960995593726,8124778.009053549
1.2359086773831447,0.9853717670731796,3.5679847352217116,2585751.4876098773,1898.5729995679862,1758.1571561873354,6484.643043657481,13516574.005395647
1.6043883131233796,1.2649852174305318,4.478351518967491,2948372.619925476,1918.7386051564752,1803.5000460968013,12133.495809855403,25460885.2939477
1.5593969346466372,1.301800651275886,3.7459115955045017,2178405.5944229164,2058.9563642018616,1879.989087843068,9222.915477320932,20103579.786421046
1.5500985700691754,1.3833820660001137,3.7025822951631078,2912072.7977839643,1857.9633173213576,1664.5444805331404,14520.718775331416,29916501.130836833
1.5692896418993951,1.3438270551092852,3.3539829659188856,3830735.082864009,1832.5796316582166,1754.8472534304626,18124.985807396486,37096107.887839854
1.363995055684302,1.0728579023251308,3.8083114756931495,3010443.244147981,1819.4384301577336,1747.3075315002343,8632.187382063938,18539084.80371787
1.5464507394322007,1.1516012010570384,3.6030730619777507,3115350.4528593416,1764.6833707189312,1715.5353482088572,11899.061025718102,21992165.555533603
1.5586144946597362,1.4474353901937869,4.4926045480409105,2369917.61741371,1833.848384346169,1755.5734821094716,13005.274969511285,26564602.232236788
1.3571297163947265,1.0897221279437523,4.30294512680279,2691819.295980261,1770.459858986097,1718.9149244956002,8491.375951782287,17011992.52533973
1.8731549022289513,1.4998285078547269,3.793554896446683,2812401.8098380314,1816.8460976269614,1745.8163437964304,16633.104716608406,33828118.84464207
1.5947665841823575,1.27388957320771,4.675730741603292,2841142.451621883,1931.759753560796,1810.7392028719614,11824.74260103887,24903531.74427328
1.2617393005594701,1.0218880068227123,4.2945296460974784,3640821.8975018845,1699.3457434720358,1676.8349261765559,10264.715862740497,20115173.81247823
1.631310721726766,1.2932737429931918,3.9025505849474134,3278845.5303625623,1913.9878561129046,1800.8516037365393,14117.992826341497,29598474.633138757
1.3050636659545356,1.0066176606777306,3.250178285537928,2444271.021531484,1931.7115067339864,1810.7124332858423,6352.109811003349,13366425.217982499
1.6574169207484903,1.2806148734750709,4.687282771777222,3123252.3892160025,1788.1931473008922,1729.2486520246441,13552.503050509793,27327989.603869654
1.7317191158014809,1.3825393194342819,3.583128259970921,3249110.8742483924,1587.8145100991405,1608.6236619755748,17214.9803407623,32417949.51401798
1.3358635363296578,1.032393762238932,3.5063803759129324,3570074.5192606333,1739.2178012905567,1700.5564645207112,10179.757677004138,20214964.89866331
1.6926752258488644,1.2938093608696675,4.306771129602892,3790270.343284187,1929.699454656111,1809.5957004848506,16279.271908322793,34308799.29064958
1.5825561853872996,1.2744665390671392,4.731925721901781,2492452.9040860655,1797.7131937701117,1734.770879944085,10689.019858000618,21593349.61691477
1.664412031998898,1.310310268171075,4.415281845553156,2594571.244394831,1700.069776770509,1677.2686743494087,12024.917586531083,23531061.19817735
1.8793585965307895,1.6448139848353773,4.169172736015708,2371211.0705426917,1749.5225078771782,1846.6764392933794,14633.407385383614,34044253.20963846
1.450922376799426,0.9684203306786855,4.178426302499585,2882990.0704465094,1884.0620026504553,1784.0781891569923,7005.223022912268,14546773.873659402
1.349252767128502,1.1530381457176067,4.256024667634092,3233179.187223167,1854.673356820138,1767.4509638251764,11208.032856724754,23079881.99524658
1.3220971140748954,1.1400499731045453,4.22767857693603,3493667.2582945507,1776.1067900830305,1722.2122919818387,12047.009625478244,24210387.093895838
1.3368379430069124,0.9308810177383732,4.084357427190813,2962024.4881787384,1763.3175588185313,1714.7352964268323,6829.295093800043,13657363.935438313
1.484579658117179,1.1622263749307031,4.031260331185563,2840076.238372578,1760.8241850956178,1713.2737890722196,10372.95694335771,20403234.972082227
1.5682303949633287,1.225459073171358,3.9812220616301435,3075878.99612437,1707.7589815501497,1681.8681605814986,12446.99659869331,24442609.368481517
1.5553381598660039,1.1348126954301883,3.773810623339997,2582428.5491849883,1961.5375689469442,1827.186502293497,8476.084228450123,17996863.250521842
1.6654366498072048,1.2675790989284896,3.915797476939968,4044769.3608473865,1767.767953078866,1717.3408329504716,17274.57897531095,34642745.07828723
1.5026003783755815,1.1186427184198784,3.4921129557413844,2196169.4864409706,1921.7158520825496,1805.1578178602756,7063.2891824094495,13006790.247643454
1.7907068154314634,1.5894555836210604,3.970498111961575,3092370.289447862,1952.1316051922452,1822.0073108780432,19950.86074685799,39341571.20089694
1.4470686333524088,1.2253544493633908,3.7034226678547246,4011803.1096148198,1899.831089814796,1792.936306821679,15554.113950589606,32499046.1521709
2.0440338333179238,1.7651821484091315,3.6689232048352687,3003399.9222799987,1756.8379687281952,1710.934648799889,24935.969690534494,49765763.64074521
1.6251334695530013,1.358747446908304,4.053968245346043,2904980.482499253,1840.373009033661,1759.3034149065327,14027.746905729826,28744357.50507702
1.3285684887167435,0.9878536607049431,4.41760068590338,2821277.2885947865,1797.5804393609085,1734.6939948676372,7269.388364894245,14694829.9167402
1.2858215003877775,0.9949352285216394,4.275494981800694,2909804.1591187962,1709.6298139269873,1682.985343552995,7758.253369298516,15240514.181668624
1.596494483048637,1.3162597757961456,3.528849818913047,3686424.237338265,1832.4359281721604,1754.7649792130942,16734.433783308832,34243363.25141358
1.4553074429348298,1.0753173695229596,3.7031115590288985,1894069.0443352466,1682.0960208840197,1666.4677133275957,5936.733841254345,11521476.826526415
1.6428000988184184,1.3728057736319637,4.282231356396465,3766716.850648163,1918.7679388461563,1803.5163869287478,18256.231688932327,38350772.06833229
1.594647524914709,1.2565563048644166,3.705253781938507,2288021.4237749274,1753.5382702701606,1708.9959401260576,9633.455740205405,19175240.758953355
1.4854342174686255,1.1605087913272307,3.9326100550008927,2866673.8353827926,1820.1159655872839,1623.053148064304,10143.190424668885,20652296.854391027
1.330641256386319,1.1118146383755887,4.165015629707366,2785377.789850669,1828.3287871546142,1752.4118946381084,9029.487662922147,18429209.365814224
1.197030555062827,0.9842142819673709,3.7094966635409095,3294276.63488536,1774.1095026295923,1721.0467538997225,8470.010879505302,17006475.07908826
1.4106970095865958,1.1030969131351311,4.031612651843788,2200937.824058126,1858.6693801475274,1769.720972074252,6977.0220555253,15382331.882983778
1.6712797588646944,1.4339020288023183,3.5997923515245387,3231086.3330409713,1752.5096343377475,1708.3911243496184,17719.307430018533,35325563.669197805
1.5428187488260408,1.1508607605363632,3.819589706814636,4012154.8116434263,1887.1297297457245,1785.8048948484188,13759.030402659482,28639163.21712943
1.2508522442576024,1.039204017219302,4.095934580242761,2318412.9977035946,1665.4020319753251,1656.372715589586,6779.639336244712,13166030.983127113
1.5346361851702364,1.2732186807336028,3.5221018799404993,3094853.083805198,1812.6379579546413,1743.3929794559112,13202.6951063697,26828839.379992135
1.5770634759457673,1.237242061579056,4.13214242138812,2669008.9111016956,1993.8928999058285,1844.8912429804031,10343.3363712095,22040344.96323975
1.3232285127597734,1.0801602359069833,3.9941086603219955,3212943.6030965177,1699.9668675394425,1613.3736733047333,10119.475911113756,19823819.818286903
1.5307450211891056,1.1288392230515896,4.165746986325145,3009573.888707876,1732.2255029475148,1696.4204415025154,10204.530348533068,20343298.038846806
1.5116417436892,1.2791532856778527,4.067174240219399,2679256.5454778452,1851.3907849658915,1765.5840602393346,11438.843376121384,23509125.167007666
1.2714059404338753,1.005370468613474,4.409242128992153,3243936.142435537,1817.9581781939598,1746.4562019569896,8618.480151706379,17546581.11183518
1.5715574720696566,1.2161715142197493,4.037567350794372,3902174.0548933716,1835.063009927356,1756.2684473045497,15113.621404145571,30958875.791871794
1.6121569052736469,1.3742838975753529,3.8711783376624243,2904548.1041363506,1848.9187130147664,1789.0682337413705,14321.48691228183,28949537.56859023
1.7166102486350554,1.3128340190206875,4.036689250909685,3359878.971074091,1863.472146856177,1671.5429914276465,15070.427491087912,31122483.597770177
1.7107604104069807,1.248131337055121,4.162989408710916,2353363.5210644184,1910.9699841956224,1799.1671789312616,9159.423965732132,19746885.85690566
1.2244661264085819,0.8842709164088952,4.014658021097711,2521781.8115909956,1840.9818656928512,1759.6510767279776,5156.8864638710065,10560796.819676023
1.3124349920169753,1.0897154268964064,4.012177507361165,3236203.1389401886,1775.8742345381459,1722.0766223281773,10196.111313439991,20482211.424140196
1.603007053441732,1.179778778579117,3.7894024936579735,3742058.0142679824,1867.2573701202732,1774.5896981136714,13543.714180045914,28622620.343094256
1.6027571901824418,1.4228312017692413,3.8011297247347153,3177806.67439283,1989.9881934895216,1800.1206291323854,16299.928335522922,34928515.45420415
1.6030095372612096,1.1155399949718583,3.579218418460092,2843470.984738423,1786.7366253617427,1728.4022211772983,9365.601997752947,18867625.724055447
2.2705462981309443,2.009031174852836,4.524873022956082,2999645.702711677,1702.547069532936,1627.3237885393146,32663.52373579563,64021713.28804615
1.6141781021386334,1.308373470447268,3.6268410293826143,2374796.1330151414,1910.7080669286972,1799.020915465737,10472.828639044003,21897467.15493554
1.7271131280361198,1.373338778170667,3.792128440661228,3302257.6631776835,1787.9618836046402,1729.1142850664858,16480.26139301766,33237821.240621664
1.6908003526986404,1.3065728129504726,3.784477820329241,3441166.5311617046,1582.7330453985965,1605.4468676264783,16303.97579892596,30653155.40415046
1.6302782502611597,1.3367577465150244,4.2684773130833324,2773954.8335834597,1884.7421677150421,1784.4611720903933,12840.806159927839,26664808.14790736
1.4369461510719308,1.1468529688177385,3.9115150965123915,2764978.926120249,1746.4671814046078,1704.833959937257,9713.17695681682,19310940.411712978
1.6517938440986535,1.4125564381237903,4.37432262180212,3132939.114826024,1790.9466717695839,1730.8476810280604,16529.97128715235,33361757.332490325
1.3454349570924857,1.084032259252808,3.7979528127268396,2781640.131979702,1833.1980330569015,1755.2012613153188,8563.183017638072,17503884.383500002
1.4526362786519982,1.1730257124938397,4.08369824866714,2966933.6926870886,1819.0499679779066,1747.0841574338676,10728.139965811166,21839825.21566468
1.4029272904341794,1.0968357575648455,3.7493958840220727,4049860.894583258,1870.945181713904,1776.6763072875244,12659.101584552292,26221987.745215252
1.5163748278772644,1.2087823167833918,4.643544738332016,2876487.1496270015,1756.4513629430157,1710.7076156168678,11200.325002359983,20038208.16580969
1.9629317133347017,1.6005550633466987,3.643720474291146,2820829.923989389,1851.3105798176082,1765.5384203003093,18855.9475392055,38762583.35269797
1.1265469614816503,0.8049083188668563,4.0929462130681085,2676229.0971824205,1774.0453322416083,1721.009293507643,4602.215519493636,9230674.313192684
1.6372520380749027,1.1994356639576498,4.19013306427963,3372095.9857499683,1873.8810480887503,1778.3357062087944,12596.732414256998,26096895.410760906
1.1774568257620697,0.9857235296522011,4.124139729235449,2909387.9133909484,1861.5367484013054,1771.3480362142736,7359.977617343968,15180006.852578001
1.4056136268421133,1.13649944088314,3.9444137023366874,2675313.480839287,1706.4561297955404,1681.0897133718563,9314.107023481289,18269018.21816469
1.7177901193934733,1.3584298576487948,3.9610537900799723,3660652.016136506,1908.5982116175032,1799.464068785394,17410.140973856393,36459291.540499285
1.5128560038190926,1.2116791973708732,4.013143441593733,3709801.5022568186,1746.4036554885952,1704.7965230947677,14547.428312437194,28961322.339059584
1.2844510444141388,1.0498834197548634,3.9558993995114533,2699788.2171306475,1880.8057798281145,1737.7423338106148,7715.557009850869,16000515.291499993
1.3569392581480064,1.0489303515095456,4.289163735038473,2066730.024319692,1836.7287313401341,1757.2210664336742,5952.381590854987,12158031.815823015
1.6359195497869352,1.2450734440306885,4.663156900477405,3503756.844918461,1983.8183676795122,1741.6311665965793,13779.381990820304,29488314.857392993
1.3539266736565727,1.0963993446645497,3.83275246449765,2657685.087119998,1777.6534017628148,1723.1142918657813,8473.061926787579,17013566.000061605
1.543291717916395,1.1591376440967092,3.5890591061262764,3395312.7995813843,1765.0683203881802,1715.7607728270252,12133.255844559802,24293781.39473001
1.5091143679807628,1.2380964993554329,3.9735153854946237,2014948.0911440821,1798.0580394112267,1734.9705823128381,8154.429701581004,16451551.356173418
1.3696799304788365,0.9791442147487246,4.773912801296295,3446298.6691496545,1769.6820217165725,1718.460232398817,8778.550553600915,17604286.934066355
1.9287888178650652,1.642282248547877,3.7588976296090806,2394414.0353596094,1879.994190194205,1781.785993341155,17108.529532084358,34696255.58282201
1.6267838044636023,1.3398677400918726,4.49173504163322,3365382.059533262,1638.3689391563412,1605.091246024067,16546.059478621974,31736043.664080232
1.0949714826684787,0.8899944490242271,4.5033102442229325,3007136.533918217,1694.6317580853647,1674.0081610042491,6437.871484304784,12584772.55739086
1.5372908629538855,1.3053667838994385,3.8339235274876016,2523030.290301678,1693.2197078420807,1673.1604884028566,11623.694716940861,22689286.25138489
1.3676427070463224,1.2080028645241214,4.170694923755582,2796481.84353661,1895.0307591973576,1790.2444123619575,10548.150694963308,21972710.551389795
1.6704866669592449,1.4211139170161644,4.488518986938561,3343159.22847835,1971.0613372581925,1832.415645539993,17173.98300940985,35669178.02242651
1.34149585231346,0.9497204245526614,3.8862616777037537,3052947.226557617,1789.5550781462528,1730.0397383508778,7283.735937291524,14692095.689537086
1.4770527117066201,1.0871420379375811,3.9389258919692915,3292206.4902362423,1783.117827680999,1726.2974271691469,10306.888006051186,20754672.956860274
1.6009974557960915,1.2307813169756276,3.825495725815407,3988220.292257743,1807.0052163113182,1740.1439398495597,15533.509898306196,32324673.237774014
1.6731510388340243,1.340703544455446,3.69557298079214,2217879.1941444743,1916.187830260819,1802.0785267947058,10258.204820904844,21474119.50252347
1.2599407185888447,1.040563558782769,3.805216736480198,3808606.287484312,1707.2646865809427,1681.5728643093103,11174.285635492357,21840843.43313367
1.4330997528318103,1.094476638302976,3.632817919971323,3052177.9687616066,1823.8368982734785,1749.8347554971626,9597.678894743347,19570550.1458162
1.4050109377678088,1.137129217559337,4.010225040477768,2550607.975838436,1897.519762978243,1791.6406826538444,8520.40597214671,17752922.308558166
1.3693341534852577,1.0437487403766437,3.7690080306824076,2334843.187130505,1850.1094169939845,1764.8547693894996,6638.860390608242,13631953.310273368
1.8530908480562194,1.4258127762375843,4.070135773537224,2905439.804611483,1818.9581616598743,1747.0313626638958,15521.983155886512,31594634.481855106
1.580996342192191,1.1536007713126981,3.533231306138912,3460825.0559622296,1900.1046092567142,1793.089567369678,11891.79802251938,24834421.008981228
1.2478232091329908,0.940656973709374,4.099264069664337,2936225.439811233,1529.6767707000763,1571.8940865103473,7471.3069666187785,13452469.410369724
1.6835723894109553,1.2330749674683894,4.250058688482677,3755577.465123674,1867.7875319530908,1774.8898211804426,14846.768743719995,30715204.38903994
1.9244312394025267,1.4456449428356741,3.4018793072285636,2274412.1549742203,1734.5924316872577,1697.8216345101719,12729.73598697898,24017251.700063247
1.7064930521102295,1.4550960619543947,4.112216970954272,2993955.526076973,1616.9367103143543,1626.7104164141042,17449.308947102767,31769426.508979764
1.1961260068091972,0.9001207703589759,4.368300697741987,2373803.2777934405,1851.1202599524981,1765.4301159591541,5018.737934023886,10306307.325857438
1.4031531854267496,1.3072043123182413,3.6371076943926384,3181815.941312484,1937.3658545162957,1813.8470386921604,13927.826447070709,29397197.00459601
1.7533822298373245,1.44595452592312,4.501771716051311,3443443.6950486503,1786.2551485372308,1728.1223286310737,19057.484457679417,38421751.84412297
1.3584661068762438,1.0993275659692887,4.125705702809814,2789619.1031594733,1895.287454720294,1790.388462636593,8713.721143836516,18152594.589189388
1.5887638856292456,1.2028247163983565,3.7884964432724773,1697893.071686433,1961.2278257988646,1827.0161826784538,6071.385714117853,13253609.197368693
1.6549268106858674,1.3818895283098003,3.9832692767026883,3099474.0733982474,1931.4914453584047,1905.8178788040182,15180.790847578099,31982850.02443602
1.3146139056843835,1.0138540499970015,4.167498073756517,3218369.275866755,1963.9964529371393,1828.5380151118657,8427.182110560783,17925846.35556455
1.48809492878764,1.1995540523519161,4.022801617423723,3202147.3774808487,1874.2127491071892,1778.5230916180233,11963.380375163992,24781489.698812433
0.8517465319861854,0.7904243819420435,4.161626797733911,3617891.095911077,1807.5433638901593,1740.4546125172849,5955.0094335583335,12089980.687108682
1.295122471733142,1.0298775106482223,3.7237979220761903,2464473.1601754753,1639.8034188102831,1640.77237896865,7156.227210892635,13710315.01846126
1.449486369721368,1.2428818968538657,4.050808247210823,3340108.0527252248,1775.3937511870051,1721.7962811981008,13691.141213577443,27502803.28736586
1.25044336360703,0.956390576173445,3.575885650928506,3596253.7562389877,1715.675340468381,1642.2194009113557,9508.980585121726,17433078.476814654
1.8264822607863271,1.4579905157678423,3.96663218159539,2110706.207996742,2017.0942717497815,1857.4830752769792,11304.937996002274,24353492.22600238
1.2139717244078734,1.0786624745875486,3.728827707560563,3159825.9129594886,1782.4114187567664,1725.8862605278798,9740.26657445675,19724376.91578447
1.4119911026606031,1.0853292867656013,3.77934101722307,2747910.084496164,1812.3204806784486,1743.2100154173165,8518.68592715202,17298351.173912395
1.5261481154572183,1.3592217399232829,4.370827952563131,2959238.663449177,1855.1485376040469,1767.7210509677968,14253.71242697045,29343449.773661736
1.7882546578132232,1.4938857610083076,4.327393036178281,3173838.241769168,1804.3602446372454,1738.616190411745,18673.785429607164,37851951.31671404
1.2128275697641122,0.9361532951672448,4.182741436272153,2756385.7179432237,1969.5051040430753,1831.562196816956,6146.541557726335,13085276.91883625
1.732632750430992,1.4408927183604743,3.6723061705982265,2662145.960419194,1737.7350638265548,1699.6802494880878,14791.463640069938,29316488.425373875
1.5020466122039173,1.2746783955754177,3.9050774650915594,3017076.2087440123,1819.4607455237242,1747.320362445907,12881.003797529384,26788230.36392122
1.3036982697904098,1.0834912444263778,4.363929309993755,2456377.030568599,1725.7529414301953,1692.582840768145,7738.369831404335,15269238.825715015
1.5924206948526543,1.1489136389059846,4.0425150740919715,2457087.4355574073,1667.9977488779293,1657.9464034485154,8820.693634499949,17066521.17183787
1.539811939114694,1.1758668260562917,4.695798861994509,3339686.6414782517,1738.8230909094714,1700.3232568305789,12354.649300632134,24523566.62552296
1.379956624568241,1.0868870506129233,4.117995351818312,2425602.9824206717,1796.2963202951587,1733.9501178479954,7567.9716491086,15278972.006056841
1.5139604169980039,1.2055338703304583,4.057614734947009,3333156.250454606,1757.069777548274,1711.070763445108,12907.014511863816,26417108.893632922
1.422937280627648,1.1825086978346295,3.9072650607392494,3231295.6464269757,1730.7579020126145,1695.5510580366042,11887.7621152715,23972867.82504335
1.5227034690502497,1.2316920717689381,4.040062271434684,2137096.6356047015,1659.3682536328165,1652.708867416491,8835.158862127771,17027568.007175226
1.6324261349042093,1.1969483564106038,3.9542590490858367,2661217.6738321725,1791.6894427371305,1731.2787706674665,10080.16923758131,20332047.088417985
1.8172033632290705,1.4883075312602816,4.212432603006577,3597054.7015236863,1649.5279625968997,1646.7161296483619,21763.25189308901,41919431.16472917
1.2524369002346303,1.0401855260952404,4.287010695038375,2509417.2344301594,1876.0055963689601,1779.5355700474129,7046.920353130169,14586617.552581523
1.9266066749312534,1.5952101406223376,3.764203161847615,2767797.8688453063,1808.2439752934504,1740.8589924964901,16946.85319615453,37626989.93998784
1.1095824400954997,0.9476267178098539,3.6006301139326666,3231030.4466259484,1654.244850053507,1649.5914310686192,7916.342490781427,15266064.16904633
1.4696429809928833,1.2369927768506697,3.449138388069011,3391695.2546412977,1769.0790922950137,1718.1077015434703,13790.70968495551,27648218.732225068
1.6176634412969153,1.3312706943945154,4.152397398073763,2874230.556977752,1724.7843594409417,1692.0078169567234,13672.69846170985,26994049.587927807
1.5561983735470066,1.2394991105350697,3.668990018147838,2701244.9026541794,1831.917451041918,1754.4681046548205,10874.975995240133,22216999.118731376
1.3754600960358812,0.9861388025724174,3.3541328221142552,3711184.9308492537,1934.0450446023144,1812.0067357412502,9251.544555595232,19520985.234854773
1.458375549928545,1.1980276752721764,4.116573581359289,3869449.8318987894,1612.4827530354255,1623.9572715474176,15303.641092313483,28938577.52934829
1.4013998130682335,1.1356725247529347,4.7478998552298375,3489429.025390898,1811.5026079147417,1742.7385820063453,11574.467022453046,24077214.191351105
1.3821270486111576,1.1244694617248308,3.998178726538032,3042659.071282512,1783.986720443336,1726.803033563127,10189.013535200214,20275957.656451963
1.669920419404205,1.2293329096629855,4.251547232335493,2595867.139179537,1867.1340076450465,1774.519855696626,10201.386004845135,21063434.764342036
1.5714030971930095,1.1721836979624924,4.02454880756427,2584777.7967217173,1821.319662823769,1748.3888767934154,9547.453284534946,18989369.75325533
1.361418080947869,1.1608235315847582,3.9703331040426573,3261257.0526328785,1724.803066826118,1606.1544799393198,11795.47592633153,23302428.47877672
1.67991997508665,1.340613505415249,4.27572294489633,3209199.110444342,1768.0946064333382,1717.5319203545619,14642.499072785597,30716288.102410913
1.5614599041753219,1.302374724021001,3.9129176367434044,3700799.296473215,1720.397414319651,1689.4009424832198,16865.675185035136,33288022.96653551
1.662572423767792,1.332412006576253,4.080217694221571,3325225.0462680697,1907.6007138598598,1797.284756067972,15218.079998628116,31846418.083218306
1.6259257683847224,1.303159678406467,4.096509341858804,2248459.8491200907,1802.1311648671942,1737.3276191110003,10071.822451556965,20361867.091007188
1.3342009978155855,1.1299537577608374,3.7995728639070854,3525973.808861459,1990.1190685753008,1842.8349764538823,11406.177854793825,24453916.79170761
1.387963791960606,1.0745584636785916,4.297612704860957,2500969.6863427935,1793.933918618538,1732.5807685000316,7631.113350264072,15397710.78543951
1.6494587210246523,1.3274943395095704,3.9475120729913775,2808014.364023824,1729.1593233089536,1694.6035779175158,14143.36471187677,26231500.048544977
1.622074053086693,1.260167004909774,3.7732764521521465,3125100.1031258474,1648.6285607387172,1646.1673057500388,13558.249594527522,26090486.244651623
1.4958196812071705,1.1641593445455602,4.160952953071121,3997833.744891982,1619.6860323744054,1628.407543937178,14904.389286877276,28417958.142880477
1.5234654766617564,1.1952217285068711,3.7304596054626886,4554959.27800268,1641.586405699451,1641.8637715389766,17806.852508138836,34233334.45905548
1.755532979157685,1.4239245414205313,4.008454347210739,3303361.5295680915,1826.7126651011483,1751.4851108761939,17571.08570991678,35874554.90393898
1.381685722232834,1.0722745710317134,3.997264301006739,2908401.690639806,1850.8725023229933,1765.2891158511989,8726.459399136678,17939596.606773213
1.6094194762340075,1.3885874992821152,4.325768669749474,3267252.824240275,1641.8809297967866,1642.0439842730077,17238.707552057014,37653755.43457116
1.459561469513221,1.102362458177339,4.142409469863986,3443827.7129369183,1889.5038314076116,1787.1400402987128,10830.122877508204,22545091.644727923
1.456463759354556,1.1515624186150437,3.992491912376457,2839666.187221404,1751.693894831656,1707.9113348121994,10045.73439005784,19319965.7793956
1.719755370397438,1.3379928038680724,4.245329889760086,3897605.677956161,1814.6793011985549,1744.5689593315929,18353.801911683415,37357192.64460268
1.665083269797606,1.4525335491883116,4.417062264705194,3115035.379595701,1961.2220628255425,1827.013013620457,16751.84047042882,35599775.36217971
1.6627019272001278,1.3465021420454115,4.1673430919055585,3248871.544545697,1889.6839315865532,1787.241284195685,15243.089002057877,31725122.21032482
1.7610957614308658,1.4997354613903824,4.003105785953014,3332962.1260272306,1773.1469352094168,1720.4847556032114,19902.06466440094,39949958.937048964
1.504200768326552,1.091631561935357,3.606449130294952,3210793.3053072277,1710.8807774584714,1651.7911792816842,9400.250012405271,20257181.062293965
1.6363905942589927,1.3309624025703353,3.680465901077388,3419470.250234806,1584.8184598670696,1606.7513722831845,16803.196002067216,31615100.858336803
1.4379466486813088,1.2143194000015676,3.9084325886935996,2691373.406726538,1728.084668075758,1693.9663301842882,10644.172658699617,21030472.058678985
1.5648332704976884,1.2583046526005237,3.817146339352215,2720849.1230269847,1778.8869761172305,1723.8333868042926,11187.335550418764,22947718.081380766
1.4739713891264632,1.2577014907272737,3.943908609104366,2449922.883514153,1701.2820472848816,1677.994660811493,10458.132773965859,20466478.7153277
1.5193991929985435,1.1762209717173362,4.016994977469132,3219750.6153101134,1786.8743032907696,1728.4822479034342,11789.71541923193,23766779.61683363
1.6190314050873826,1.4093140123869043,4.158907826307019,3389468.251756057,1807.6851882958767,1690.04841912102,17735.350294752607,35998301.123867184
1.3363558633533055,1.2226919900201694,3.9788503665822725,3228886.433075943,1777.5144018191922,1723.033244976833,12802.646773540837,25731615.933637794
1.918477455137092,1.4999770842067794,4.14595049314786,3837246.2166737686,1734.999741917654,1698.0626406061228,23119.34563294752,45859813.118423186
1.2987965237000596,1.010106362655301,4.019342324443036,2997201.9905854766,1816.8654671966729,1745.8274904788375,8040.09376003227,16357237.643106049
1.2571622774424536,1.097086828916603,3.4073600300938387,3334370.827796256,1844.194064956941,1761.4841311863215,10488.185144778157,21530985.581828207
1.7316221747000136,1.5220588474643,3.7181993818543737,2454149.5619303426,1690.9600922557154,1671.803116809519,14594.446513978712,29992810.7090414
1.6583325387925871,1.2833122412209577,3.9567737332835153,2806450.1487627993,1941.093237974627,1815.9104321866532,11830.479930783782,24982075.6063866
1.6248239634104311,1.2657226902520198,3.6370915771476677,3347768.878782889,1790.1411867715738,1730.380072018706,14184.667152914371,28629704.072244607
1.625669101852856,1.277630854882174,4.179978618998861,3424551.0553715723,1801.8849622944847,1737.1852373844372,14745.714726107879,26964723.63169476
1.4975506454306171,1.0973713798170486,4.459225249703109,2853016.5261679087,1870.8214423256557,1776.6063337546268,8926.942620608417,18462199.64430193
1.3205491257028337,0.9957830493245212,4.365628555509195,2964200.3740709666,1823.3216131263503,1749.5388773432364,7716.665304710895,15730179.396757526
1.5151609116387452,1.1360569873327115,3.9359671387209376,2241063.1266595954,1895.3136633913246,1790.4031695501878,7475.778050195316,15553612.710837606
1.3645676576975776,1.03926853990806,4.447217841054986,2821485.3995966953,1828.7124165201824,1752.6318193319523,7991.181182798983,16313089.101337869
1.6950239466835502,1.3530795716114092,4.044600237160633,3445191.5817598933,1738.7562625359562,1700.2837692945916,16876.21633402332,33502589.63235286
1.4705885236995724,1.1936924938471367,3.898874208664588,3287602.508053283,1836.15035252061,1756.8903525369158,12264.02357895209,25112356.405213863
1.3349005606414976,1.1714086473698198,3.815979200937718,3250332.860690605,1685.6273792679337,1668.5953297705298,12079.987001837626,23550364.82217379
1.4357228316694013,1.0769102808166169,3.9092590940535614,3024886.84359048,1810.8559705776522,1742.3657608206738,9235.404632335782,18754391.784064166
1.582586290855125,1.343957789364634,3.8835469544376315,3003531.5793140884,1796.677000935554,1734.1706755189514,14327.07781782096,28962679.68881108
1.387255089439205,1.0949612158896116,4.051124866712646,2669839.430263276,1779.188314272746,1724.0090020890098,8486.577033163909,17049564.80633337
1.3355559208867138,1.0651416591946048,4.04817219431496,3349414.2101012673,1787.146248856107,1728.6403082015122,10056.815254857163,20278843.09671849
1.5487374422983824,1.291245864554266,4.000913806046024,3210486.472194695,1611.8150954502362,1678.8819141146441,14752.646992437782,28023042.16160603
1.5489933142217445,1.1522402061209196,4.131081450923905,3246009.4239963996,1745.1275092259039,1704.0442953934826,11513.88460304025,22899256.845579892
1.398611364925774,1.1456312227941892,4.357193882435903,2736982.5786662097,1809.2844901141116,1741.4593851740528,9460.204742496939,19191430.409381986
1.4057923388763354,1.1363337330558165,4.284866240632397,1923328.5400643777,1815.98563919974,1745.3211005789158,6530.7120327806415,13245972.211324243
1.5464099874715274,1.275204567627481,3.554530609465029,3548576.355876848,1697.2324859074042,1642.576194157771,15587.160274258531,30520086.548811488
1.2103831317005351,0.9858067478005652,3.2338236595294134,2760581.2719957978,1926.57078408647,1807.8578497780595,6888.0414182844615,14482308.136579143
1.218507245124689,1.1243958465716055,4.280295973371782,2568612.1179784397,1713.38251517855,1685.2240672604994,8739.219444909808,17177441.13410182
1.3563111557495129,1.0418002318442314,3.5899363904753736,3346739.455956997,1896.9457200526738,1791.3187551599633,9385.147498639111,19578279.730578255
1.4573105696576305,1.1271570819770962,3.932570379432195,2803993.6800404354,1842.7194361871684,1760.642865291734,9313.015017590713,19245388.765345056
1.5621815131196009,1.2010722799728617,3.6489660921821923,3529968.192023311,1735.3772690156197,1698.2859934347148,13635.100180102076,27040936.8201957
1.7950712433899105,1.3862009445636463,3.459405868725994,3308502.9747883487,1977.5310892609511,1835.959447865473,16149.385626098863,34489839.58208652
1.671531924640404,1.2839548931299392,4.162438818461436,3341784.6616002386,1680.636316824352,1665.5874588898093,14938.397898274578,29076827.107439682
1.4680122940073146,1.2616843794780426,4.227746548090794,2317022.144399733,1891.9154173610002,1788.4952456951978,9540.036598469653,19832450.185510833
1.4961967584194622,1.3032250992937446,3.8270468797819843,3605971.9926932002,1900.0582318042977,1793.0635817159318,15813.29341641047,33029148.144456472
1.2994941270724383,1.0025112288191604,3.222687312356527,3130625.265616928,1732.9379790923356,1811.5512986266847,8429.472147730397,16694656.582385683
1.496297372801522,1.1347653253775896,3.8361266655242554,2815361.4303768985,1939.246530006433,1814.8884304740131,9283.153022251012,19592731.023849186
1.4422682722159723,1.1878100027730354,4.117541201620764,3071694.2336711255,1774.9953485401047,1790.9333680180118,11500.856131965425,23090960.694802634
1.564543712067618,1.208436115074663,3.5563265293677615,2111882.38355084,1828.8693629279858,1752.721784653614,8086.856739929751,16479980.473071778
1.3345538112895354,1.10987712751523,4.055007975933747,3204326.4057403356,1826.0321838771222,1751.0947343514845,10356.668995230784,21137584.364060868
1.6038693028482345,1.2993685424778192,3.9954070452481014,2485314.2459089644,1786.5691258529453,1728.3048553518029,11106.541956073306,22356740.590486158
1.8065477826005156,1.308325017583511,4.173787449880327,2323664.857078233,1881.0808273159782,1782.398597499269,10311.800132154798,21367401.36784343
1.4782479703086284,1.2969781973923133,4.035874110524246,2238820.4068910545,1879.3488720552214,1781.42208812627,9767.341295253804,20223729.761415794
1.5803423444197884,1.4061789521453771,3.7080793177355336,3556344.1874949625,1625.146802676182,1562.6964528932465,19318.99350999134,36889855.57667895
1.6380287983422226,1.260234762558186,4.3589714504993475,2685368.3031536057,1930.4340242878152,1810.0034825112139,10941.164451240236,23769593.821978964
1.4197559056228328,1.1082826455313515,3.952441128091909,3766863.8549582497,1633.7508011964326,1637.0620551414818,12685.063575267992,24302370.73633195
1.5448184963620835,1.2579353042427472,3.9918086381470204,2732099.268473851,1903.2546204341656,1887.8113991656492,11155.205361646174,23291526.978681266
1.502518480156359,1.2271411595135513,3.7200196122780413,2146321.0212035268,1912.6705136827584,1800.116523080784,8276.882117767682,17400893.999492977
1.5195352197097662,1.2656622365710388,3.867015324642547,2441737.7800256703,1690.9033569784801,1671.7690212301188,10580.945674004613,20633440.776743002
1.3453980432289068,1.2115446972304311,3.73455918579193,3617905.810003469,1758.9185712045414,1712.1559599083973,14143.79835296922,28270441.116525702
1.5049020348517885,1.190607215745572,3.9481161820229733,2922050.911031666,1689.4295331514065,1670.8830696484356,11208.902868899457,21032446.904141326
1.59959965824909,1.215831926622027,4.513512544042703,2725856.3517546994,1778.5078969711265,1723.6124398422442,10684.795251269805,21463560.227141406
1.7902287215590085,1.3087181323376966,3.588429657120593,3080009.1129263937,1769.1965715814258,1718.1763969706774,14017.424657751553,28091290.347728793
1.6918541652170414,1.2916519805457334,3.5159315806369777,3250891.3680837722,1877.966053226934,1780.6420440536442,14070.66754914878,29181795.667681582
1.9306364915023113,1.541311386067691,4.441351098248083,3558699.40795123,1931.0308746119608,1810.3347447092608,21685.7316156181,45709285.25278211
1.34653048742239,1.1980457336714265,3.93720289685444,3724249.614946463,1939.5683810789956,1815.066590106567,13441.893005957192,30329979.048941758
1.6744641273441356,1.2962352242681052,3.799278178402025,2820115.677105457,1743.7831973421698,1703.2515279839,12663.483517844898,25156939.500497676
1.5366684011476703,1.2465291146101893,4.311971406218823,2336976.156958981,1779.0778126255473,1723.944605490311,9627.639678289132,19325859.265064236
1.9379605866435345,1.548777123049451,3.818315338078941,2793267.419438362,1631.6561807779049,1635.7760686738523,18830.22263499506,35135118.479579285
1.3383403429289698,1.1501960073992255,4.547802914064081,3130140.253291443,1719.4129933503812,1688.815412704594,11128.632954326335,21941276.664160304
1.3320556315638448,1.2339452336743881,4.20337776140178,2518120.5368946944,1896.4851633097458,1791.0604297165517,9907.438936906272,20634979.677663513
1.3801214709111955,1.0674640071417758,3.8536265775562892,2521424.5425524786,1961.5582823548232,1827.1978914856663,7322.664817873866,15545813.78055863
1.0752208551380387,0.8338639093142945,4.647192463979651,3171893.9407749427,1676.5651128120078,1663.129913575247,5986.14307207414,12065911.877731118
1.394848995663848,1.1887015340656422,3.8182855230989983,2975673.8242147746,1740.7535740847106,1701.4635447423238,11244.720216642865,22322366.32325968
1.3481734676892603,1.1245041748592732,4.222628611602792,3016398.4977057935,1797.3594243041073,1734.5659858377999,10071.614232437563,18669692.038346156
1.5300787572952415,1.3653433883387038,4.089787774121947,2620752.3326499653,1828.0161158819608,1548.802238191492,12813.088835070657,26140230.71395781
1.5683511951554319,1.3004711794913915,4.390522386819639,2884799.6428971165,1719.0396480078355,1688.593295238538,13112.5940708507,25839086.703124538
1.8752341678431772,1.4664994940305565,4.4684533590180555,2537883.427865848,1842.406104446409,1760.46405983462,14269.528866578235,29236567.966368288
1.69008476763721,1.4019806507239885,4.00960124471973,3445099.205562393,1752.6160652929084,1708.453713390066,18825.36157502769,36017781.7679761
1.3846192688675194,1.184452032150891,3.773974638896145,3517624.6673618765,1798.554772912172,1564.8304678714524,13027.38418709467,26370145.526444804
1.3203170657303285,1.110418483882389,4.137991642881735,2076906.0688809531,1854.6284248003699,1767.425422860219,6677.389905751578,13714978.676811565
1.598383834301301,1.319247997985179,3.7966853890743684,2535244.569903795,1800.6422269810937,1736.4663713370498,11642.440456052846,23543677.150662854
1.2359533585958715,1.0546806951330434,4.604016174257987,2251735.3724549604,1756.361410947343,1710.6547872341293,6289.570621472934,13297010.482888713
1.8662917531708707,1.602145738410088,4.040960599324821,2674988.032796551,1789.039019607417,1729.7400249887737,18164.32373230451,36608102.97854088
1.7358880241442574,1.5086740813156736,3.8904035346063672,2958281.0151048196,1791.1637040794665,1730.9736534078374,17804.008491022458,35925486.425786816
1.406164869579059,1.170541548387104,4.055404091759472,2275177.390150735,1762.9988970117872,1714.54858015474,8184.045316134117,16561607.783643706
1.1573730941818245,0.9162275768599575,3.595862113141091,2539070.0934373434,1774.1203937332898,1685.4168854232798,5657.504698033778,11344121.453977194
1.7707744748330825,1.4296094224187057,3.7085157884468045,2498021.3139592507,1959.8647170504717,1826.2664562449165,13016.712761088265,27619123.24860423
1.4770920309494764,1.2707798637445102,4.360124172383328,3103633.664699472,1856.091944794124,1768.2571502109283,13064.3970278525,26909116.39800846
1.7475632623946924,1.3266682715979015,3.8029317163085814,3034672.168518125,1770.451968197084,1556.8371022869483,13683.309565961767,28443716.765390992
1.1811144682411265,0.966663843551107,3.6859267051954183,2639131.223331373,1869.6954404510736,1775.9694629329542,6409.274758494479,13245189.149238005
1.3801249954092454,1.0769571599995174,4.160995825758186,3088410.436069699,1766.618051024399,1716.6679879423034,9523.746835879143,19070147.90750666
1.5010487399436365,1.2029963609672198,4.355711246398899,2726659.957706367,1917.312463758664,1802.7054110568017,10151.350067782038,21283924.006178785
1.5093961187529483,1.3040014089739556,4.21568599319952,2864172.444836973,1836.9642192198094,1757.3556993077198,12748.133147060764,26092805.13343474
1.4099869057041512,1.1414618837433377,4.298814305741745,3836726.0451492686,1789.269785599577,1729.8740542867595,13223.74922860364,26697942.264091868
1.6245699864694998,1.303427960296086,3.7729614734291617,3670230.525895174,1844.7716925810278,1632.4150909717753,16293.600363379404,33468391.321523942
1.2864759141234812,0.9417096226966065,3.5734567999774467,2350209.381536201,1642.91238479315,1642.6749527475351,5701.775765892314,10932522.224312298
1.4715241029957413,1.232125787864372,4.450400095586646,3414866.208939587,1687.3232531090196,1669.6161171462766,14035.712204471218,27385117.783811502
1.5240591263423797,1.2684351039327886,3.9031960483473593,3405698.2772457963,1680.6074993600944,1665.5700762319207,14858.385351497625,28923249.323354848
1.6028877668117498,1.4556829400736029,3.924750095063486,2425868.355623691,1814.2943094763707,1744.3472334218168,13522.542233027692,27456674.06435063
1.642322975617778,1.2885848171613026,4.398458242554717,3409388.82187743,1973.2514999485093,1833.6160725248722,15148.03424119805,30705910.597436167
1.275071581632426,1.034028883051427,4.166869002820198,3768965.9592062766,2023.1300146192632,1860.7448226114234,10141.049695544443,21949844.150568914
1.1931771658528756,0.969419678529298,4.136766331624482,2438727.596877793,1863.8051101440758,1772.634141064647,5906.072512521352,11794703.284321401
1.7555353643797018,1.5428920424178378,4.649500703470325,2541248.589492868,1850.0844474944456,1764.8405550000728,15789.358361231822,32427509.895675436
1.5664628023959184,1.245706396580801,3.806944530885957,3508830.7334217513,1619.894226584726,1628.5359879929026,14977.414191751113,28544219.141909182
1.3503026926886892,1.0990803300292413,4.278352038424371,3135747.655412824,1745.732620026598,1704.4010209016085,10118.738347232947,19858975.974738438
1.8102303951045047,1.5032059530319448,4.017103937469125,3275738.1376197618,1721.221624809176,1689.8910236492525,19883.845798073406,39235188.25044431
1.5231349268585717,1.2327194851443526,4.080577683658977,3170294.6082002483,1737.9152401748884,1699.7867477555567,12892.178830873761,25576736.04580876
1.7358594368127653,1.349940249313814,4.458540527923759,3195347.960464072,1783.185618141521,1726.3368795842443,15424.41055332555,31056084.57210697
1.5135036962820219,1.2254907531087647,4.152350726886887,2336763.9358444586,1752.7909422302873,1708.5565486018977,9359.798212595188,18628517.691890325
1.9121495849763974,1.6323668932267104,4.1614888237148895,3523658.8533107243,1602.0700189624213,1617.502517031161,25937.326765060752,45768471.93506186
1.851068168488641,1.3858470450305929,4.321752201192941,3584794.996213887,1874.7910256117534,1778.849725893949,17873.666504815475,37049080.791589
1.4502071703041852,1.1698074149873887,3.890514181137134,2885304.6279659863,1692.7256974260195,1672.8638259353247,10676.446914513544,20852400.876479235
1.6943141901908711,1.296140120572725,3.748237099798298,2978261.525093069,1823.9246864111149,1749.8851587004715,13134.142243609056,26779221.927250877
1.6290751899170295,1.4006011926323958,3.68655724179369,2234446.248722139,2007.4082669749973,1852.2367022727444,11066.03406654585,23783420.27563314
1.7737263115064699,1.283895214687322,3.4100930231871995,3257127.3780089174,1708.0615408413578,1682.0488866526987,13286.492010419459,28418868.60870044
1.307015307883979,1.0090862757924455,4.616862138982096,3286028.720857072,1546.971247725367,1582.9092445926794,9367.723376829053,17375177.176994126
1.6372102919996878,1.340646991805757,3.669037490283495,2968904.4915003446,1771.3995778119888,1719.4640856024066,14172.093381750852,28416347.046796285
1.7116848973699175,1.50333210976144,3.9336239129242685,3562176.6799352514,1910.0959634998571,1798.6790498191829,20742.2633129352,43451705.87898592
1.1482521027153771,0.9148267883957446,3.916956010033324,2832961.3845100296,1995.8347454220593,1845.9484136112296,5999.923496407437,12871070.37529728
1.263348297466845,0.9756081191333636,4.092222009342731,3282302.9629468,1677.0450405547583,1663.4198063744172,8478.498515372252,16481244.88448441
1.0921535644479798,0.9764484714921868,4.244721163761789,2490167.830653942,1849.6699223236521,1764.604561487086,5963.247425113913,12724901.019588282
1.4461186331110885,1.052194912369081,4.258142046507924,2988223.924562881,1753.4689543219947,1708.9551905672952,8822.069164329121,17586752.85288688
1.6435084511591924,1.1341189523191402,3.8250767684293185,2912822.8710485823,1789.4051645695865,1729.952677800147,9910.353798355152,19984616.496128812
1.8004714104192057,1.4799888002099824,3.9498634858640767,3112653.9610204706,2064.4343347017034,1905.1719935704216,17014.120423944765,37216549.68419442
1.5148189560839551,1.1738291020655962,4.08477398514649,2815236.5355833205,1649.7029671604846,1646.8228979049084,10594.930364888669,20384915.544182923
1.8257231091142585,1.367354069590337,3.9253926621449358,2934263.702164166,1825.3739661494574,1750.7170470645485,14126.714312765927,29364193.56502932
1.2239797083570216,1.0225344625745314,4.482203672805998,3413023.5857207533,1846.7693171765434,1762.9523327273168,9320.8484572499,19151758.67554013
1.1593235121289691,0.9415910046906141,4.147292485491476,2781617.8813808914,1908.5786324939347,1797.8313255702517,6356.137556820537,13293628.873544171
1.4888904602206763,1.1491198035706283,4.220463335814945,2196711.4496306605,1809.7983153470896,1741.755793715834,7638.235537881512,15477065.61587334
1.5768130897878614,1.160510435093427,4.198864380600224,3874791.9521027105,1830.8050539504102,1753.8309881956293,13678.058463322828,27980432.92716932
1.4934610503811814,1.2599178922002463,4.352042157245598,3690727.039345243,1760.8351432578208,1713.2802149984407,15596.90568250119,31196905.3032569
1.0865115799920246,0.9045318194524468,4.054306467611112,2353868.6524471906,1826.9126941245108,1751.59984640873,5052.186317834499,10296882.857769143
1.4821759920974422,1.1783909894634874,3.610950415613246,3344853.9026225973,1765.680772450259,1716.119360686467,12351.61120103357,24734257.91810961
1.2391060998990293,1.1056938382243175,4.119906385525793,2748512.6147243283,1862.157188985605,1771.699903394541,8747.292860084646,18039395.514335256
1.6339345097660076,1.2197251864090466,3.804592931862451,3131743.60766553,1763.0389663956366,1714.5720594734632,12397.563586437413,24774495.842078954
1.5733196492193697,1.1386487830357643,3.841414995475073,3147112.064506747,1837.7100393902188,1757.782030756014,10678.546502847246,21872037.20687385
1.3120240427345289,1.0042292330353115,4.175909205626528,2882796.099841839,1797.073718631502,1734.400494848929,7677.06947557526,15518192.510805104
1.3972266165326612,1.1145965934564492,4.371484921430091,2608117.167206802,1912.6050250772169,1800.0799724286992,8343.751444301137,17465347.669656567
1.2881572956222096,1.0461988108456537,4.006381473020818,2654729.47384187,1794.8606276411513,1733.1180577648909,7676.768817479816,15499763.927352164
1.4874641805453657,1.1720298446804296,4.092649903779689,2541904.042259379,1622.6967531793118,1630.264003467184,9598.19116802781,18280641.587618757
1.6910284641002478,1.382589556102487,4.510664483390571,2584088.8958847774,1926.1921500713993,1807.647420473906,12683.538779145429,26654816.32850895
1.3028547907328911,0.9607551258564327,4.07222595384657,2966410.8549753223,1709.426769913738,1682.8641300254071,7375.434408238439,14488932.66191892
1.6008093031035688,1.3962070329674607,4.780504934254118,2642120.005444624,1734.623366135118,1697.8399396714638,13793.550384936689,25664027.31667403
1.3939484763255119,1.1094330555629763,4.169652893689463,3341026.03285631,1740.433870595651,1600.401026036789,10998.445937966371,21843200.064262263
1.341425433547531,1.1480787991024726,3.4717711722532547,3743623.0776679637,1937.4438093170818,1813.8902167031165,12640.077099772148,26698297.40494886
1.4785939280090885,1.208212723213715,4.226002486331359,2709973.3793149786,1586.4325786021304,1607.7603371815685,10969.424799889155,20627039.606789153
1.2929515355161252,1.0638892172157413,4.114347515464833,3119702.2502676887,2113.774853365999,1909.0595856627867,8725.675293325841,19341053.64202554
1.3892701389305635,1.150994144572765,4.386925826224823,3249842.5551514667,1905.6056809066051,1796.1691944050503,11103.376969655275,23219531.114261158
1.2604244214822302,1.0365546773234076,4.201954405380987,3236001.1354596373,1822.323891412916,1748.9658404927593,9130.218796649304,18613692.419363696
1.892945026583278,1.5751879638547797,3.958463204804868,3037977.6339580435,1794.5105999383713,1730.7786888089197,19916.49626252223,40236380.211482905
1.5070527103943456,1.3057973144686557,3.6327105291131905,3371341.209179861,1828.5554074857657,1752.5418134902015,15074.636388972862,30798095.795920078
1.3600548984014829,1.1014078976957902,3.9372930228141922,3241124.476340329,1852.1122428379338,1765.9945456162664,10257.616748901852,21106389.439719394
1.5427959821468444,1.2889291931442044,3.74484386373721,2381168.788836351,1864.5215585950057,1773.0401557107712,10292.758767349089,22344399.282663368
1.477534390061834,1.1753981333331947,3.825842965058583,3434578.0321946368,1855.560446600345,1767.9551417885025,12370.061145104602,25486543.715702858
1.4558060800933554,1.2694714339896072,4.1765735213261825,3443645.418633371,1808.958068125525,1741.2710570695258,14616.200910604324,29681190.943380915
1.622833340008685,1.2433830730715976,4.500971351305422,2618356.9479107093,1780.2661579692674,1724.63700659459,10729.607808194794,21560926.119177762
1.651501542009461,1.4699140287085388,4.118401458946894,3018968.917723801,1784.872671634649,1727.3184138279432,17271.895595918104,34785212.78667385
1.3938997704778946,1.112321008473015,3.6412350813894445,3341664.4964055344,1780.5091719647319,1724.778566856434,10958.335329770192,23407953.22740378
1.384836351871064,1.008799612858596,4.133380800466043,2895343.090210319,1913.3770096867065,1800.5107870862603,6779.525328978106,15892652.508598141
1.4449896605696713,1.165247206206708,4.3589894459936955,3536489.023883006,1859.3556722280862,1770.1105389188285,12507.735830708489,25803383.572573096
1.039615767052883,0.7962910115778872,3.8170651287041855,4181936.24730968,1505.961136533572,1407.370776508827,7239.071278032765,13706400.850813193
1.1969617875602896,1.0078803403031602,3.959794849998125,2607006.9836825086,1865.590077652976,1773.6455177210603,6888.7920508722445,14217371.739238676
1.773374853488905,1.3608325351071877,4.004406458418759,2309477.6984231127,1819.4736194718776,1747.3277646983743,11237.872113987256,22847897.005077016
1.8289935427002568,1.4223915032497223,3.764530506075328,3151909.297802438,1798.1291243554103,1735.0117452119869,17953.911045748217,34057207.39862691
1.4501927920887243,1.023144316252216,4.194484130153158,3360781.252563072,1761.1481546911114,1741.9128448993708,9365.379893357345,18727078.79415661
1.6153113926111533,1.2557183365672702,3.9637155554176657,2884566.8130776156,1912.4112719986013,1799.9718301657917,11713.368828845008,24530607.02055091
1.5622500309087073,1.0604647470797126,4.125859733172108,3726630.331660517,1894.7526462122858,1912.6426818216858,10833.357010275178,22594707.361372232
2.1157761616910475,1.5250617375345263,3.73375234665937,2330697.1001383755,1722.712233217639,1690.7769887882505,14491.87490173522,28684712.28273187
1.7239149822869153,1.4446764967534176,3.868762509902977,3346459.3115158053,1840.7052287124536,1807.1614949140665,18266.797808318366,37459718.89131823
1.4744164817038468,1.2374630206250916,4.216714407348332,2697069.5896205534,1702.8343265458714,1678.9238082905808,11141.599246224972,21827776.903545704
1.3088919118799147,1.0749574275773564,3.88815005437247,3859688.9531036485,1662.038183521107,1654.3311107689829,12146.428745383528,23505132.693509765
1.1787107359484854,0.8859793306931653,4.5180891553700215,3996257.6765840594,1737.3282775410034,1699.439782539239,8395.699505546912,16669233.74737948
1.5406927271734445,1.2288787547681792,3.8801091443156195,2616671.706108326,1886.239347238276,1785.3039047661412,10233.283256810862,21252881.560174752
1.3487298509431394,1.0787409381539796,4.067405417725566,2725221.43204571,1895.3125045376087,1790.4025192656104,8196.686015934896,17073487.183688838
1.2155492580804652,0.902036939537642,4.279777249561927,3429793.943489901,1851.3085420097293,1765.5372606907083,7281.939852830982,14983612.280537462
1.3706854231514947,1.199582645392343,3.5744902801200906,2806434.6751052425,1872.5095786847996,1777.5607224312487,10489.336393039235,21702711.61640412
1.283690399277121,1.0832653968766854,3.4717573564057673,2977294.391033881,1851.6178287114958,1765.7132508200318,9115.75559911271,18746408.550615106
1.8374283270145129,1.4496423699991112,3.5423031056289718,3012694.2102712053,1735.8518404777049,1698.566718049037,16950.36626941827,33596499.74297173
1.67632795138989,1.343315835282067,4.378775231028155,2040163.4219011718,1843.1922544673942,1468.1824286869928,9979.119545064028,19693478.963675383
1.4984054717366766,1.2143364743715648,3.834442556232266,2993081.1269528815,1880.0409525227683,1781.8123604778436,11445.20448088663,23742318.45924626
1.7959888277780052,1.2534444115736632,4.767459785700476,2655136.112967913,1875.4291329813575,1779.2100855031401,10828.189567072694,22416917.273258515
1.5154736615295237,1.1936493885768302,3.8307257204027834,2753438.588800114,1918.8913371474644,1803.5851264349176,10088.986655310478,21164152.63766101
1.3277431597343472,1.0169195317711954,4.055365390959111,3721816.001734407,1870.8303847201064,1788.7653517466892,10000.424468247558,20707431.31372809
1.8046248154539315,1.3533224360875664,4.462632985770362,2371746.552860372,1835.1448207541582,1756.3152466406389,11374.578204557272,23243215.519598186
1.6077820087369317,1.2636282073119094,4.601827866447737,3406602.5933739888,1907.0150238316428,1796.9573278562048,14024.134755869207,29345885.38715317
1.2925507691347087,1.1502206704548896,4.618451072990919,2860518.5348340957,1797.347874075094,1734.559295836493,9993.012731350485,20200517.278641462
1.4619322643832784,1.2163892542709198,4.362509869177943,2860119.9157520826,1711.8125348772282,1684.2878367296842,11392.573316999133,22394305.712425448
1.3248763493230484,1.022064002718766,4.307218757743438,3395185.9480258557,1783.6933036056237,1726.632311640194,9427.730058219438,18921692.599009775
1.2234400538071328,1.0137780784872772,4.177758084760355,3170025.6472844454,1725.509735519355,1692.4384736426362,8743.319998829831,16957334.022152197
