Inlet Diameter (m),Exit Diameter (m),Length (m),Chamber Pressure (Pa),Exit Velocity (m/s),Mass Flow Rate (kg/s),Thrust (N),Combustion Temperature (K)
1.1743108190098317,1.3880084170668203,3.625586267215274,3778786.858063062,845.155290122545,35.11858650784393,90988.0262488217,1836.9504400221556
1.7992036339750757,1.217410187371339,4.283797363013883,3821249.1707816105,959.7245388591095,56.81796857695334,112191.80648159653,2066.9062681947034
1.5848935494155976,1.1336385937760567,4.3590752712759215,2736454.0290639787,1419.2513580678035,51.31426630618842,123474.88761389194,2002.6942074590572
1.0481115858245724,1.4323961174856776,3.500309625363241,2877417.465750492,1372.2073708892663,46.981825458457834,117436.29178547104,1614.5769734246087
1.326419924409439,1.5152053173066904,4.237449161468493,2167847.287539032,895.926575206696,43.953983980448115,138094.46844673567,1641.0321563992418
1.9954309611291454,1.534363456410303,3.0657500933747253,2642422.2457905104,1110.5119672309834,52.44982046140189,102669.82498534408,1889.775859049229
0.7719962269820778,0.9524313276701295,3.898670546417223,2274085.399077446,1292.6974509848808,46.892049333456406,125636.87678092673,1839.5798449141325
1.3713262113431468,1.0663881979895755,3.432875986860829,3182768.4483186207,1278.4986516021388,46.00679601301053,76816.26452484833,1622.1674388456556
1.8797808776116602,0.774625976313077,3.596150329901424,2651504.997604378,874.5665605583233,47.92460249177793,117410.03782000254,1788.3827147207808
1.2399778793204694,1.1403587454490984,3.361961323927825,2449288.8650925136,1252.0019364327682,61.116224872159364,95807.29313526595,1663.7055963986488
1.2963341545133837,1.3040309536194064,4.276813197669492,2822292.7820496596,1078.4294738350864,52.1284143528389,97066.57377156902,1916.7749409390117
1.4715873093189327,1.1667997063720061,4.276937235215934,2407561.5220352784,1439.7335809891827,50.68951924518243,127611.82464641516,2254.940675740678
1.9474168878372864,1.6827127167620755,3.6543997773336114,3154508.4098938163,1159.9640454697924,63.825787917744094,119372.7775338722,1618.4666255404898
1.3083294009946047,1.0985391562221607,4.1877911532217995,3142223.7470117183,1271.8574940844542,47.31851547102672,96637.41575344552,1888.610533790255
1.3668054121061803,0.9278728611277677,4.130636276567688,2842143.70497113,1178.1758785037784,64.3283756667264,150000.0,1884.1762969465988
1.3696946173144449,1.3421260516669689,3.9357741228332785,2634662.2597932867,1333.2888920636358,43.24187704092727,125176.5939756124,1759.868509046155
2.161779024817637,1.23748345712454,5.079085099791789,2330279.3125772164,1046.3861157980568,55.311489133594556,91164.61412505471,1724.6519986848034
2.1560358266921362,1.3374106489500963,3.57956069143007,3277678.30262402,1333.650658935795,46.76896710574199,51543.11542730822,1730.9751151438613
1.8012161693636632,1.2759469826965475,4.007152545356568,3114360.369967718,1441.792564001475,49.31503723550128,105556.23879946301,1507.2313988822618
1.6158559197524567,1.2609414401327184,3.8088064853522203,3232157.7320612217,1567.1121295813566,43.567607642413876,92178.89669507876,1404.9402194613504
1.7212105727688727,0.669425279239352,3.8141099926847892,2846782.3095236765,1516.757922191428,47.04613288706738,87469.22690713003,1627.57467836376
1.9472196084452396,1.0184714931206635,4.079706002045739,2891038.247209299,1092.7756332632384,42.994091239961904,90087.75682155017,1679.2728760771963
1.2192498394792826,1.0524187705117838,3.8528021499051777,3720999.5743881515,1315.4299446937162,54.02851799566093,103062.6280078844,1949.2976083261922
1.852748713434631,1.1130089155162683,3.569786619953881,2699707.5672505316,1361.4994475303274,41.75231851788169,126298.25026224997,1579.7608317110928
1.1238357996752963,1.0879020903847647,4.062113748979866,2843677.9887209577,1318.0089710698714,55.36557715156651,80393.63548263938,1695.2792660411656
1.3086745492639769,1.3032046904219228,4.5911658233769925,3371946.0414325744,1350.6956934775776,73.47065865509549,98592.39305789577,2014.5021709613857
1.7721315587400903,1.3502206271730048,4.4713831899892496,3151455.648277815,1284.7887227185986,34.4495870678386,95964.97762802368,1959.1535354233533
1.0713957899322093,0.9170897683122119,4.1015222442043555,1976688.8964667507,1090.9489184464198,26.278786223613526,83524.52896755452,1895.6405650765066
1.4579793839434,1.3717011016986693,3.6323015931005354,2156056.6349841664,1241.422110686086,40.11804470368005,105625.9157008936,2020.875641039243
1.2414735312420944,1.3464420346667678,4.093214800199735,2669584.366694953,1369.3573402599727,57.43296799182753,135442.22678691713,2330.9894590095737
1.423314188840821,1.3164425165095541,4.542321511672969,3455149.8322226834,1292.3210786461536,42.88839998291629,112323.57223843725,1779.9546834748407
0.6604232683617827,0.8455263779925826,4.595594631163493,3335836.5388413416,980.7292989646712,55.77481087683867,101422.27944672781,1922.0563373177006
0.9685400686470459,1.3101455750722497,4.179843529783198,3259761.6803749925,1024.4763446500153,59.49221249817066,91224.35637414918,1774.1965945355137
1.2900368296206248,1.2206488548840675,3.817821399916891,3313872.048167912,1118.151676651596,47.48921882603603,100935.74699028577,1763.3826860791814
1.7782387295275748,1.440220018803461,3.898623625283564,2515527.6226887386,1159.0372996911265,58.84768250998309,65649.14105088235,1620.3363243245076
1.4479092951629353,1.646089198825326,4.3860229636692525,3300523.546625277,1231.4546456807714,27.3049822666386,98796.4401422661,2138.3416951055337
1.5008537747690434,1.5970169713985654,4.343173107435625,2539358.1516387286,1004.581099339154,58.34532730975207,96134.00474206639,1838.610441181179
1.7064668133306855,1.2281610430599819,3.1211501939310082,3473649.6008860525,1358.9911668212583,57.99303373259106,109547.05619338459,2106.793822133798
1.2361390970972845,1.1995313270685573,4.329308782396138,2744717.4328929633,828.4871351460031,49.00567138209857,118970.09400557308,1876.7286378994054
1.5850881971421873,1.3579870710023332,4.355644170014764,3140813.03905334,1305.740337254113,60.03536562646949,114906.58844801392,1626.8754656578226
1.2583900445803153,0.9212400116451398,3.5564042874973634,2062750.7981404916,1301.3066855240043,64.40962884579675,97361.2553921035,1803.5735190871403
0.9816991517638178,0.8373292145987998,3.6175094418881595,2325555.5438973075,1328.819730826653,69.32820581871496,89651.8146194098,1929.5998998112507
1.3827300618734697,1.0818673519937503,3.6214179509411824,3545338.7189437896,600.0,69.41249295564084,87452.13853991899,1843.6283370213243
1.6721417587215173,1.5051422284286318,3.6598685987385764,3345871.935093455,930.1449031167717,50.55525529315622,84365.8819731161,1436.7425897995388
1.6015767152999405,1.117217925429382,3.291625206402883,2391031.6133396,1129.4607965185958,48.58782800325896,87698.70324081212,1803.4032818250644
1.4964508516563542,1.5756452264523588,4.156545964775973,3642795.861207,1233.656407560972,49.21898713996436,97537.45138420565,1722.4889648805222
2.2177095797813178,0.5029717792287494,3.607140300616245,2454607.785590929,1183.7217195829412,23.255097096968864,75594.9590202923,1717.2693851820145
1.6238736480926337,0.8031983933030924,3.964808081954355,3009980.5519521665,1037.250680005873,56.98156780970632,108864.57182725696,1526.1779201693855
1.7936208017812039,1.1690778167860751,3.751215608475502,2759949.6890669237,1456.6087973539145,73.49355694567879,97829.85590006196,2177.773424239377
2.171443001549386,1.4220486353352189,4.127588760698345,2538292.4016894395,1264.8058999178807,55.658335488614014,83302.28525805117,1996.6945206677788
1.1117744030516254,1.1825942253199768,3.4946914819640247,3583970.280769289,1121.0490162353642,35.785211550411724,87197.40652182297,1634.583021785657
1.188363536938514,1.1760868138766751,4.122632687448233,3842490.747812134,1002.4856939322076,40.05308302557563,116778.20224762284,1755.3390412058873
2.023113667536879,1.1695646261857269,4.194890507971847,3089137.1085488284,1213.6426579834524,40.61574264583452,118083.06570343155,2058.3673487507863
1.2605811794276813,0.7592755663997313,4.413797292599314,3762999.4584313342,1451.7400881536007,66.57051981345059,147774.4255921217,1474.9356148558165
1.508904969090999,1.4895172186099632,4.983884544695329,2859392.473405302,1207.035965484793,55.023938192500374,111342.45684003759,2115.28761123363
1.8207947908273046,1.029308820040657,2.953949114872891,3054154.2991911774,1193.5905133657109,56.381286339251545,86487.89744714103,1872.6135933770572
1.7672119173879512,1.4723831643036132,4.1601571671865685,3065744.628197309,1213.2564789289747,53.535297139151794,85577.08437156421,1895.0258149350857
2.026465854594333,1.1823691455094125,3.64541857919663,2421645.555688139,1224.1231735371846,38.88521270331308,107783.04413093088,1767.9030537427702
1.9486932411100408,1.4670400968322703,3.0374706635444197,3249728.4462312656,1153.3626850731087,40.56089291465213,116112.73306244073,1888.1709494924717
1.820817800911721,1.2858144952443915,4.420815311653327,3354846.5700811846,1005.4289989463614,56.80738484796592,128154.9307248076,2191.593441383619
1.2681873857258426,1.1733313773604395,4.6660999419474525,2913263.1826793365,1505.802861823429,50.86211547214928,82515.4813820301,1822.0356385541975
1.7384588003379655,1.2565654117671756,3.8041861447503713,2154124.4159435784,1327.498520451948,31.41901580641547,102019.59203277291,1662.6554517762424
1.5942815983520602,0.8317555977221059,4.105458148111006,3183852.7471855385,1623.4266792998023,57.860269970493,76768.1496874124,1695.421173633419
1.1021203620178632,1.2015073317927587,3.9679616299184217,2242493.2429248584,1299.511188393508,64.16729692327733,107597.49392342327,2008.8629918372308
1.9251897139430558,1.6290100805280328,4.217098834046598,2594365.083182114,1153.7416112993096,50.06391881202624,79732.0421450141,1855.6348766188646
1.74217096037357,1.5270483909971788,4.4402678744617985,3065710.6462251577,1010.8326638339432,46.84035487370715,129105.48716032671,1847.2568284515633
1.5136470241893292,0.953744104325482,4.172468667846698,2615168.7678381233,1134.000845565127,63.657923587191064,84439.68661768192,1690.2091950861002
1.4300723817046759,1.3264214628344808,4.17288496473008,3126838.325272587,969.4114096501958,48.042682377084255,112182.67323284838,2082.6110466737528
1.1405096565897639,1.2619949711868845,4.629868271435817,2886894.87255176,1619.5681352202382,43.86178067664983,103022.58211896838,1826.1126202274636
1.5598572220675897,1.404297070029352,3.917668888911691,2184751.7446294725,1196.593658100478,34.61496430100592,100981.69216620039,1638.627234940906
1.6405317358336933,1.223538221380553,4.461532285649475,3083985.780539255,1357.2113216198977,45.088011976664454,63914.53389826687,1450.03510013403
1.2506535047270162,1.141624001717475,3.5889997889042404,3293289.8401432703,1392.39373116344,68.67000631513675,98177.94174614182,1555.0955712674256
1.8486612147298587,1.5326576940901622,4.803542473358351,3506200.1214059405,1416.183026492857,61.638047132536464,80408.98243134741,1881.518692257956
1.1708390860550897,1.2540991420680025,4.368912696186453,2816715.9626165275,1709.573956727151,51.193648190870064,88299.99845397573,1623.854420300715
0.8630698949872675,1.5138660804865784,3.79812023305427,2969258.1606323966,1180.917620692736,49.94126042472722,109774.41957887898,1393.8082255665604
1.8119181272678102,1.4435965508361235,2.9427259264551666,2252445.6653301,1163.6275871606413,59.89639320218051,150000.0,1631.8287338913665
1.3789901885693678,1.118878189620273,3.999844641434425,3982444.702669645,1232.8960583953608,51.02301402295126,137964.11928360543,1770.4527835349445
1.4621911244060954,1.15824993141071,3.409095295614625,3752504.094674842,1349.7083057520233,37.360952609949976,110332.72398148723,1918.436635446398
1.248744983152484,1.6824581084997554,4.149817301589874,2984082.991193224,1235.7754218633477,51.44292025772584,107707.85529505013,1293.489094996961
1.0182111717847793,1.247870581359978,4.725584411400238,2937579.1136775226,1146.2297465303845,51.75510254905357,92983.32178206673,1789.8265187675618
1.8765712124172655,1.010342894159994,4.080029896398244,1534888.5778160118,1056.8125209130073,50.129044559068035,79979.29768593429,1980.00717996624
1.2933393048459236,0.8999891805037441,3.9109936928377382,3517631.2814563746,1045.1301032152455,52.574499376061794,108859.49487535055,1626.4543651057234
1.998285746444382,1.4435331088144392,4.171102701997929,3281430.5905786436,1253.8945366720793,43.07099213616236,91111.03566222337,1684.608064483631
1.7421924558632185,1.2400734302740681,4.142825098054938,3406405.935248434,1000.2243500129816,51.550720823556624,135124.11597560687,1840.1744448863521
1.405572555984762,1.001977012367754,2.818567945773876,2797375.9223502865,837.1934802870262,33.96721360737881,142927.6910382218,1601.5371571083388
1.17422927966194,1.3686462078091561,4.120468432035256,2765285.587468317,1223.0479059506529,40.793685757881434,142808.41554332414,1617.0754577600924
1.280261403983863,1.2399371737639802,4.310138678058848,2382290.677089833,1432.5259835273498,47.56144896516209,87290.0687096391,1776.7599436401656
1.136243060671449,0.7848812323092607,3.8703291828536464,3389004.8650925,1332.362190126961,56.02537564425128,89854.65237302633,1835.3944618699552
2.1261340078764555,1.347171388677703,4.489279539070255,3626076.939349232,1196.4224318836011,47.02668612345091,75781.62226473069,1914.9721549676028
1.5493323690689476,1.5332976757108083,3.9361627127085015,3561941.4383815234,1280.6003664772365,54.40198392406299,112967.9615037621,1803.2417485404048
1.8450616627639898,1.8399625576581178,4.383499381240205,3093628.7880041767,870.576859407771,60.22677457948035,82903.2866836729,1800.537305967922
1.1197943852969319,1.2087256410155012,5.136552553531077,2836674.1489162366,1062.0719671085126,74.20233270553744,87924.53265593579,1849.8774162983393
1.5543105388791012,1.2581624145526367,3.951804435486764,2474014.7883169483,1535.613741858364,47.068562241223205,82248.60765885407,1625.2021912327223
1.8533585816425735,1.601649201308701,3.0289339170408764,2649124.7401845725,1436.823749519191,43.5626861929163,88863.33120855101,1380.4881459058342
1.3994967714200952,1.2421805667341197,3.8317041379621957,3233775.2368175113,1057.6854657927179,50.385891355403125,133074.51784011055,1619.6534078058494
1.8093343376765227,1.2688354657699807,3.137054997604965,2857723.3122995635,1550.8624516828486,51.98426005363907,50666.65863790033,1702.6743946062004
1.17462962639827,1.042345402142356,4.305618913220198,3820702.0923677594,1056.4218216372874,55.46123382573457,110517.85642312875,1636.313949084692
1.0909585366144248,0.8514062218217026,4.654675487016545,3576178.0154121635,1035.3615923056846,58.12553507702197,83872.02707873138,1572.3941824470612
1.613820183623441,1.4281719839549638,4.3479398308587704,2699095.4339419217,1507.1835136334753,47.17607231104307,146884.25445501553,2012.5184677035334
1.3862470696282343,0.881607440796939,4.160154106373135,2392168.9678324983,1461.5480106759517,57.26934575036373,116559.71053746363,1633.7919731999198
1.6926164067815495,1.4851640607368657,3.6775372712376213,2725790.828614416,1082.2880994793682,50.819661796955096,79624.98005854234,1726.5162050740987
0.9066336205438653,1.002958610278085,4.787824872983239,3532691.4732182473,1190.1822350832042,62.27371641378035,87785.0135152697,1915.0545189636384
1.7136793906411554,1.2663084895995746,4.3766381059996595,2738038.7959391405,1131.6600037016553,47.211873662794446,88601.38257208435,1887.8701681200782
2.2794911781807943,1.1069320671604286,4.1422347783647755,3272993.99258325,1300.827711020893,51.40255602346803,123013.15990872313,1654.369563760877
1.4926122055705557,1.493650059489335,4.102430159523285,2717059.9403864136,1513.478383693445,52.702561703607,133889.34804893075,1622.2940748792998
1.5102426386729524,1.2752116005516452,4.055813679325003,3171582.078511722,1306.4309084725905,61.325252625551094,103072.3501974123,1786.5788594132605
1.5538648453916037,1.6897738381267855,4.226108211979705,3264070.98667649,1177.2191176822057,49.95896493031274,97135.57848817325,1661.4318892576139
0.9414072867624639,0.9290805801601045,3.693336410469198,3492916.6227922733,930.7399981512516,39.63396117353046,120874.90021158679,1773.8196269184511
1.627843991907093,1.3034657703839392,4.7626249670017105,3716620.065289875,1355.5926263836718,33.04378201213153,100547.22518516818,1627.6700749874467
1.0183770767952107,1.2118354702267833,4.076169876436972,3655114.4674039674,955.4105702101783,60.34009855980054,109359.11832921166,1883.160794666772
1.3716961205628586,1.2699858928142307,4.30002722523625,2734914.245413615,1162.5733863008743,56.40274509846894,104426.08093494613,1517.3744501850429
1.8728608648811211,1.598980292902612,3.783216361165287,2926490.6319279787,1391.6471287664526,66.619475270133,84234.8236637782,1757.2962308247786
1.2794349131699772,1.3463295075230715,4.187459266786713,2413237.4523958266,1362.2450920296646,50.92466462661241,127265.26106730459,1858.286123525306
1.65037469687022,0.9131186478306982,2.85912378684676,2882157.3562327665,1367.7426550649543,50.86597756179977,88162.81050184846,1858.564026360982
1.8038217161869112,1.333377704584957,3.440850560770921,3012158.572432296,1339.7842470364785,51.79366490930146,138755.98497370887,2283.5664516329052
1.5836222568287999,1.0960951559610623,3.984293423406769,2798020.0325352848,1229.1718922767486,44.639618234510614,123603.67671115222,1754.1278561704569
1.0887154589716177,1.0816612574823024,3.3387634449716663,2748207.715775247,1260.4309248843542,42.96202480540612,103874.01701653101,1828.8292758534726
1.4002574173945759,1.461464332008342,5.219707031932583,3516040.08887623,1218.414052944087,54.38396404797286,75124.28641049449,1781.3866072415167
2.0878234027164857,1.0494150042434427,3.165959343045306,3453741.4725453747,1296.5154864444976,61.80844173571846,133516.54193958623,2181.040311139144
0.8924862711007587,1.105067418104966,4.172950374517969,3199561.0239260225,1307.0472882009822,56.0380835807897,106307.562842438,2001.4707745546661
1.4172641958401473,1.2081018136009676,4.827886576737084,2361244.6982185235,1226.6656984390602,45.19001475241496,117871.37890653724,2186.2932692505474
1.3343675785535676,1.436546474186347,4.240643529706042,3100465.449750117,1302.7628244928117,54.24648575067768,129538.70769522665,1684.9176019345355
1.5362242089291416,1.3453974507152973,3.8448862233093126,2807884.214529998,1063.0357943280972,51.76463830418712,77599.94569450358,1833.0779209946636
1.7244646851561691,1.1413962720205322,3.7239279580836073,3657863.7303985455,1138.608664450223,44.36647716271269,107272.60887992824,1810.2480042989193
1.9826072904066159,1.1319558835781516,4.3366277443863215,2098854.6266633198,1246.0997122047345,37.77491071265996,92461.4768771909,1569.6872085192344
1.4189302823972525,0.9099675846166178,3.599864659478727,2720588.1543501765,1584.702596513508,41.69391212413851,106389.77506008018,1868.782581657255
1.743702398993046,1.0100412278518343,3.940256945095623,2706674.8458732166,1305.7981688259256,61.954818059725724,109142.53549397727,1602.3194693999267
1.6499220434595518,1.0364047285448768,4.34559930285904,2766712.9840200488,1173.0528106539673,52.536184377034516,66728.52217296467,2010.787278813429
1.64230418936154,1.1626772645631385,3.8460604867118495,3478789.3742485694,1155.9552276397474,43.90876720590848,95438.41047324945,1758.181168643377
1.3308228205420582,1.6966907592922904,4.043755005094357,1823820.7944115743,1348.8331017493877,50.76565523973275,101792.98206228406,1495.8463570032254
1.20080355936723,1.0311326415533921,3.8479568537254947,2895973.91188506,1180.5477361314915,56.10848451548653,74953.49861336505,1688.0525515369693
1.1699870662137908,1.1260427330235903,3.5151011982465663,3425360.3370587323,1327.47619710912,44.59853218199654,85293.0491422207,1809.402201208264
1.273068837180263,0.6869003987558485,4.594575242361072,3490058.75300418,1302.3208112186417,42.34984992919231,102492.69731219836,2149.224069001859
1.596505972759868,1.3501427735776268,4.696533120291496,2725461.069729967,950.7844065599911,32.23598476672208,113724.85248777641,1973.5107773003024
1.7282848179384989,0.8056378015432486,3.841650023048322,2660110.9253289565,1294.557004544335,60.885490415587086,97065.92112491874,1818.5308842138377
1.5970406543570685,0.9733526194589106,3.867211920660709,3173106.7867363538,1293.1247628021533,55.87922460906864,86024.28891009881,1975.2261577040856
1.3353134711412777,1.4605838421102482,3.911050330510064,3075518.34512536,1359.333573621094,56.693890693838256,79916.57522935062,1834.361719905593
2.0417910329797424,0.6737678926052594,4.269401636812891,3034701.5575136286,1032.5833224336081,55.61920623144155,92854.57493526085,1622.0295828784895
1.955659687089462,1.22398010309881,3.547349867379235,1099310.9015695043,1418.8220200264034,29.72408433199099,84019.54307324161,1882.606667326138
1.393799966174948,1.4002324116662817,3.955737347223705,2436413.897548433,1166.6405017419515,51.09608126800443,111906.31549527789,1972.062448989436
1.2529705782043004,1.5813610591100695,4.131479527584573,2568388.4685757463,1597.654866673618,54.49968077610474,105059.98303699479,2410.1509869446113
1.5390644862473908,0.9699767228775966,4.321021074693624,3321504.9309795178,1550.4865909116147,50.70732675356597,86994.88243449159,1859.3103223643986
1.8801895935163058,1.0439937874400338,2.60958136255929,2279620.1476654643,1078.3879616576298,26.486713928889706,104560.50172365589,1703.6314386255349
1.5998294931762351,1.6511090808506503,4.201701604784256,2476686.219569775,926.156281020598,48.751935842839686,146609.27015720488,1986.157303305482
1.6669646114730132,1.1937349638546004,4.172923380959542,2922807.997033799,1339.4484889151668,47.4271354112512,115047.33565291627,1937.969332523613
1.4363759633173123,1.015934016432582,4.503864118349817,2356202.411610074,1036.0061932784115,60.37508635350605,105093.0859721227,2116.2532534773595
1.6368812685606693,1.0206285406731932,3.7368679923896524,3321426.952590483,1429.5015046155736,48.96069240087838,114342.51893922304,1950.073425681059
1.9633633354368416,0.9568609191081335,3.7408233973654665,2804298.160095697,1305.9723755214195,44.798179442568674,125284.953843804,1458.1064439590332
1.4280993655566867,1.0900819486435018,4.601258293334851,3916452.9661471583,909.2782017704856,44.79231964206222,69572.9865604568,1787.8350008031055
1.5429923197523618,1.472055119112336,3.2184216469253952,2685140.6414705557,1356.4128488386996,57.22846811385959,91477.6104193421,2057.7148880657487
1.5761449429648882,1.4219415171433658,4.814545145690699,2711858.398416718,1227.450183712154,56.72505716199832,87658.09387544845,2141.958351692616
1.5851176067313113,0.9064324242936639,5.277947229613913,3402219.1446346543,1282.4223247854927,47.86027206593805,87086.3296294542,1633.733217248386
1.0764333371786319,1.2536465186760588,4.2387258423524425,2672331.53666676,1504.809319959762,46.01116680704594,142285.5645039833,1756.7951662131354
0.9369394032378316,1.0994600662318705,4.407049236788307,3755784.1602210863,1174.0155675875756,26.980347999928135,110205.66006723129,1931.033733433698
1.1941034787234481,1.3956101010261106,3.255209146450328,3241457.471136129,1351.6043462766256,29.583510908753258,122315.99496215631,1718.217923752655
1.5503826886205005,1.1609100681926752,3.6527201066512136,2848060.0302780936,1080.3222659315702,41.645499632302645,105978.64537271322,1748.5460888257433
1.6661568498009633,1.2928811704499417,4.528931273586051,2919601.001461461,1085.239014343978,48.56121453670113,150000.0,1982.0337242209432
1.3407976320679127,1.1603486982603752,4.180907673491117,4425353.868558794,1156.3704972653695,42.090377637942225,59799.22504969639,2002.8261906853602
1.913177244860192,0.6532285173404443,3.9092862684866145,3244327.1794989756,1075.9237195169844,34.858641521157395,90312.30394160398,2028.423820564046
1.457047207702144,1.211750611342161,4.116434566169772,3075238.507970715,1313.572299667703,49.631693309413166,91187.57409305348,1900.9557783040068
1.5060947994703873,0.8820632626174782,4.253488242160134,2933711.622408306,935.3127468397472,49.7819581014701,93024.12904876866,1598.1325853348724
1.4418108388342012,1.3867821029192102,3.853452149456483,3518581.0163401323,1365.9094288637812,63.09233489745292,118290.0368009763,1772.5658840774909
1.5402080378239995,1.030043026900053,3.9855270275116306,2240836.843100366,1047.6942825416666,46.412826893974,101804.08854843519,1602.9430676945162
1.711342222213081,1.0487468359817527,3.9818463126005326,2909405.9885165887,1275.5409127632506,47.653365081752,113010.67514322262,1698.3932942447161
1.6996960313736993,1.1977742937469242,3.4738605092945303,1583171.2719932487,962.5133477055713,42.829157405400274,120846.16069845567,1915.0450640456386
1.230473117817123,1.344448488556095,4.161797313979551,2733296.1870441665,1295.5464747516833,76.03855678439311,104508.16047692485,1833.1770175009954
1.9570991329435583,1.1575640455502179,4.9017929573065455,3423963.406455347,1416.801499188723,56.44729321488881,114570.55860115883,2242.007640580442
1.1714920627719247,1.610545693011255,4.865981065093096,3691115.4194276086,1201.9542345883892,41.71647036320918,91195.1144104717,1852.7147388520032
1.5237681042271838,1.612204465371452,3.2618003520741206,3302985.1190900197,1509.7364477555948,30.30010133859631,87102.44216671908,1881.8144460800866
1.4176810279432943,1.6288671480424977,4.285315609938369,3319984.295748871,1172.0185296116586,37.111741477452796,82275.9898380442,1794.4830805971967
1.1853024968044539,1.141420318860308,4.3377518904528864,2142049.255022684,1282.2735503759768,40.80768709211165,101688.16066219617,1954.2564437809551
1.4774638236078506,0.8295103859742863,3.794744768588179,2660813.0943025337,1014.9066053804786,36.381888380364046,80917.1781487622,2133.2637602985933
1.2777558680122805,1.5050196285595696,3.5178999826438027,3737202.5079560615,1287.686180564891,48.813018098431435,78600.98759678986,1833.9410551872152
1.5218721729828157,1.095913678675056,3.339592842914176,2738069.994757935,1086.3721414576512,39.83112183185045,113028.17484680389,2104.8266890280224
1.6209257883658101,1.2095415780005019,3.7776481105749844,2932008.7989534424,1055.9217372820658,33.949930188945714,81391.75501545315,1780.3538944456961
1.9415788106919813,1.3570800257137925,4.175004568303606,2597219.0068211593,1516.0207215841829,56.37583715761653,111348.57585740113,2015.3585131582934
1.5922152655882242,0.7988908998718369,3.920970912116372,2533124.257254878,945.9558289652324,34.58944674781256,93556.88054425357,1784.2648000535771
1.3166323979085526,1.6072803013331243,3.694533455868421,2764865.3867601478,1177.0463085642962,24.466966873788614,88426.30265783447,1779.3788506446256
1.3825140567841196,1.4187405822758268,3.37542168432455,2669472.0170364254,1342.5580528157386,59.37029352815088,118172.5114422585,1395.5420857107317
1.541993431834369,1.2880678955178682,4.175358129194149,3478750.897908421,1246.8141812432457,67.90408184613925,119846.22185457917,1439.822257213212
1.5280382488386453,1.4227291876196728,4.533271223484728,3107684.798944647,830.534601418579,50.40340372583331,104283.95588961305,1775.769318718685
1.9378767804685262,1.3392381348318367,3.536539013982754,3509441.913221759,1320.7818539345565,56.86475920032686,128200.59184064194,1950.69789428364
1.9186058789270863,1.2292070288922694,4.224214482074362,2306381.248336453,924.2002083185419,56.71384151704271,66368.92665814783,1791.4388156350904
1.3923192221273215,1.12305641946386,3.0602623780447997,3612726.5741020287,1111.3496102708773,73.55235541403431,121616.75367332315,1631.2401971437641
1.3354073615441404,1.0152144314110543,3.6712669455293794,3010728.1120224525,1151.1514694931354,40.0969505324352,83922.94642300568,1608.0544643397648
0.7328836187796425,1.271803570225842,4.3648020597578805,3919674.192062972,615.9941359370883,45.458942343461736,95382.79311961954,1950.5627553998243
1.335323876003334,1.2903007649429186,3.4411163953051895,2973611.930819676,1178.8198870327471,45.60935603244144,107171.02386701423,1595.59377680666
1.206582688174715,1.4707997006720497,3.6977816375937844,2253299.09266854,1333.17547943225,50.54173236508181,86127.26766710152,1967.0823269567236
1.3935526625715544,1.2501650021797992,4.708983414218349,3642110.313936919,1165.9831147932455,47.92703467653566,99147.15918488735,1939.29032822587
1.6174752727050332,0.9866996210548598,3.633578009873729,2931755.880938234,1236.9859626801244,49.177448242970705,91465.13260416314,2099.5497173066083
1.5531576987596964,0.805941788150836,3.573027590385368,1923942.4601665554,1652.3573707571654,51.426915902933516,95446.2169158653,2292.25895698268
1.4910095978857374,1.1681094594975172,4.287924180965336,3072597.340684852,1425.0880466036729,69.78004381183797,142089.98575228394,1749.7735136812914
1.559874633326554,1.1931354058276071,4.977366781577647,3115614.06292906,1211.8771635423718,52.74031944838138,62866.766320918796,1777.1409901014915
1.4621646680307026,1.1754771043016001,3.8801650263529406,3538056.3716643094,1717.401765712602,58.29415611092238,95705.73879752055,2089.0993839383
1.559105679763043,0.8173717756610939,4.3843679301593,1206253.0843927711,1072.7257951201736,56.67906396012321,107856.55201214924,1790.8481303144147
0.5306834976242063,1.4686162851338769,4.672884590057503,3574434.7375556477,1303.9354216121549,53.56444732147248,77366.91617373517,1487.6267376252617
1.4192119530747738,1.4681574365584455,4.162776081440286,2762701.6226290166,884.6752194186192,47.336243480712476,96635.00587312465,1646.436132893361
1.4667447836840979,0.9941787088463772,3.86504104940747,3963123.95396043,1279.6656010048418,58.04753178913507,106057.53829746887,1877.4446472235795
1.3976214851380242,1.4014955279055386,3.5618366306872566,2140859.4995796704,1177.7179381175367,32.493600881485634,107183.7045890068,1557.4164910296947
1.4346161213691175,1.438207715452914,3.287394519539468,3272669.4509603595,1212.1586533637478,65.3989057510527,116460.18377023963,2203.7427919176316
1.710993035342019,1.2096117691619233,4.555850872551903,3205859.4153776336,1274.0962789957289,56.6753186881986,121938.01214309079,2060.1841890646474
1.3205684005977525,0.9628753434514807,4.090478572870944,2788942.634869707,1256.0007829984604,51.004581070451515,93388.60491084057,1613.869593393526
2.1602106297651384,1.603345383815256,4.666400471211467,2613097.047445661,985.4745515700661,49.87390465542921,101751.35837806475,1629.737345512169
1.7064890790666265,1.2952303584430567,4.494462658174852,2813127.4861444486,1123.3309726812006,52.19906700684121,71613.57221221656,1827.3168449360394
1.4981078247258384,1.1372406361969893,3.6915147399861925,2826639.8547187787,1201.2121427963325,58.13623001971344,98949.91556005043,1715.1491153145219
1.43800130904073,1.3932113489182272,3.4065566500498226,2373280.9967811555,914.164877792984,54.629495971164815,70978.5434399861,1779.4557918061828
1.4740433140853595,1.6055521219625377,4.206334791468458,3496496.0850256225,1360.513890100659,63.65368344832008,100217.4753261103,1936.1283025944913
1.2254078790168064,1.0757099633277836,3.6837465578293913,2453899.8267839514,1576.5764619500171,67.14981023664697,116468.44993727414,1760.9166403848012
1.4714392382225971,1.3728556363141973,4.188344570500361,3511595.488890004,1260.7087069154898,60.939698676656334,108264.45288734949,2085.4563274545476
1.5836050550181162,1.6857900426811772,3.6344240311692957,2105532.7173745385,1094.4573669759766,35.08458939857785,101824.31570483628,1973.3687276961307
1.673862484671969,0.92085879144113,3.569387373401363,2911405.1099040625,739.6151077763302,44.78802070784395,116140.25167594268,2004.4244770951973
1.6739069337433001,1.0626866028179842,3.929504595229643,2918846.7334821015,895.8183487376166,59.77237035944849,121423.99744124888,1569.2982419563093
1.4175367360302196,1.0505362298519487,4.467050310203992,2992102.814028221,1267.8457728030824,71.30324866000797,83427.72231869836,1513.4797650733328
1.075175324243421,1.160418215737695,4.1532699476567885,3478147.939839654,1452.487307359501,44.13086474208229,123722.28942079114,1796.2909635577075
1.2992692121299663,1.1475065660289512,4.589187574335891,2898826.3900211197,1155.9831261945537,56.000525401720864,84871.55716834532,2158.1711162752144
1.9836579128437164,1.2751988598417625,3.3832191484723864,2771035.29485815,902.5517464520899,62.27928999498661,91089.48557762249,2043.1521776448658
1.7688174940229844,0.9949061199663157,3.471461429233851,2900336.2075696387,1025.794951175376,51.059730009423134,114515.0117673488,1948.9676382109787
1.6108858758912523,1.0443341277797766,3.9554181504198422,3490503.427784874,1085.5542504845976,37.8193404480448,103551.88918916447,2049.30597330055
1.2716117265719629,1.2753226209956439,5.082850691646534,2397196.5259326533,813.4905272701469,69.55264977399516,99536.88966065987,1578.2715870871757
1.5010935464921333,1.2387279649334275,4.337143056781186,2489665.750096769,1137.8867529039956,41.31799201197776,103454.61758719951,1511.8854877035142
1.1232993943012555,1.4185199522900498,3.4666936289776356,2021650.8737883596,1378.4773516708265,42.59922415867367,126266.86726232228,2060.067235842482
1.3344189372911779,1.3023387562314102,3.961929773521146,4013624.3479432017,863.6436168566083,52.683730755095695,101360.33890747087,1678.5154684226625
1.4264389974944416,1.3929616588901907,4.110357395400629,2420127.635858773,1088.0719894398665,50.55177823944244,114909.44196114075,1639.6897977393521
1.3915080204404362,0.914261990114625,3.7156571272194956,2057284.1720641335,795.1391449071427,40.82656571517714,114401.41392088459,1921.7590031639108
1.7869805793168037,1.1041459222210543,4.3066374955282525,2595550.430677292,1036.1701313427347,66.76287891168613,141753.97528915992,1750.4770752805912
1.0743822257893643,1.6620949877208613,3.9217769309175967,2693772.3759740726,1170.3911941937495,55.20667984884072,127666.31606198568,1775.6204377778333
1.2403703185454538,1.2980195116379174,3.8503346408951646,3732728.000620201,1404.241242501898,59.05437933982037,114089.70018268176,1868.3431848114526
1.0875936086933342,1.3868482403865792,4.630128393596239,2767550.387212349,1291.1417267163872,49.56796121848289,114390.81901436769,1834.9463617455672
1.1287940361936437,1.2681836842906986,3.1451695489198572,3145884.640354688,963.3104597175897,49.93203362449275,103378.68307805536,1474.663658236893
1.5372167689339946,1.3063339642321963,3.519097329107653,2104610.0976373847,1218.796261904031,63.228451967455946,96755.12475614557,1706.2114164304671
1.0198678400831185,1.1422739871179566,3.59134550927961,3103991.745890836,1133.2133177327603,44.79834117935429,99750.61712586634,1944.8914825330164
1.726160633651291,2.0928948045065776,3.576159465000651,2175601.8776403777,1197.425974390424,46.43762628911819,100488.00211483621,1662.6786520433225
1.4259552669176774,1.1009610193975754,3.6356234773543123,2843202.4755835696,1160.101034470069,54.66236931092219,91015.52367793258,1735.6133739679751
1.5206364997577932,1.1904196955642121,4.24423797894541,2620064.5095085334,1262.6744135498209,59.043483091819425,91727.33512735458,1741.9312079806878
1.596773021399161,0.5937909186361877,4.548266414205173,3029135.7485832144,1236.2225273241543,59.07265867278889,98730.08474333854,1289.6452436138552
1.3697500439245227,1.4765666643986803,4.458020630327944,3317204.353069315,1373.2866963581175,40.57711508848329,93514.79949976674,1820.3198619184298
1.8097439147260133,1.0619367625787681,3.4902189367354954,2332052.0246009375,1223.3183773339651,39.16637067198135,96127.68438596252,1677.7949296274537
1.4416971819817095,1.1848014734970898,3.9462910507150633,2431790.785888788,1537.9861421201194,41.516738010442076,96665.45782318014,1917.150687793297
1.678221076571721,1.067989862279542,4.226132606737412,3096794.502972291,1303.8452367766752,58.838995651173136,118117.05988393689,1851.917100195433
1.4402662851728243,1.1653292636812886,4.120001476142721,3343642.8554012473,1495.662066921466,58.82593681955861,115846.86338645943,1641.0459945271064
1.587262316227477,1.1289382253948426,4.652873699754617,3708687.597547398,1344.050004619348,53.20631205995091,120492.76594821732,1893.435039931262
1.5838988010473884,1.1892395560548379,3.662332882227995,2764054.134823659,1065.4428527676178,52.968824466652805,124901.2961190247,1702.9039499519029
1.5749909818366594,1.1867996293365384,4.078159710550412,2254260.6625445522,1448.5835794164893,33.48607270552128,85590.61507850947,1662.512122599526
1.207707645113724,1.1614486721285293,3.803384642546956,3093312.859780293,1436.8354256695682,53.19028668539281,100577.42508342424,1507.7215124417996
1.630762731164232,1.1580306933634301,4.1255375095447615,2602678.1410560217,625.588278146877,34.26661623168512,106026.76593758188,1887.753743836351
1.4043129032701214,1.5271296130815042,3.4605515436551517,2537789.9012167593,1090.3109309656872,58.25677690540978,108844.71359709118,1769.7095593074253
1.6891464091469754,1.4203542299398144,3.5355311395212126,3704088.537182643,1488.5518213981609,46.8474958206046,110254.45409425018,1696.9091929040305
0.8542519666763088,1.4218605796116472,3.6349445701057563,3309358.405043562,1410.8776078350845,52.42296813368601,128404.50280165703,1486.8492964589998
1.0604651333835147,1.016887779722056,3.7181653444224767,2635961.0678618336,907.9164981762246,47.8658960736086,89021.37647816297,2019.8797642351226
1.6090336686405087,1.5142052079620911,4.773961632816381,2990644.2323291716,1371.7523630477133,49.19799986045407,104615.65053663222,1743.517326346056
2.0588782755315687,1.482911127298972,4.587700957147716,2957161.5059395456,1545.4469802499138,38.861572117846706,75661.6980062309,1868.0972275553713
1.750517624043371,1.0616489177996087,3.8936751646430285,3082547.8089168957,1321.3396846077537,48.31202411942157,108340.36281881087,1861.0902274431558
1.2952647197400058,1.5809630042999507,4.086466647104753,2797030.193321047,904.8287648770877,49.36928717199531,68152.47610768938,1525.4190753639118
0.9923842753866132,1.0291935142500526,3.2027819909448008,2049968.7361814766,1043.2369331711568,52.0665459152405,107209.95722638366,1937.4923009994811
1.7228058663484855,0.7394920403987307,3.910353826724268,2511824.9124972033,1280.100874994946,55.446477154118,124816.7770594052,1749.0146377125554
1.4758250333871148,1.4753814965382932,4.079807356655864,2734001.707372604,1156.8930073609702,54.80337650921792,112437.32201840819,1759.4923610183596
1.6772112653683156,1.170120304892481,4.572842106700612,3014055.883133112,1455.5325352412228,52.696343549694326,78724.02621416068,1411.8537173625446
1.5345896166632373,1.4442303911437455,4.163402359837483,2458852.818909925,1346.2497471299412,43.476889613197585,84502.93101100893,2045.344374681578
1.5088928775361485,1.011449459318952,4.216445029387776,3093142.4689470404,1592.6355353081144,37.00497110013208,112340.52808116484,1820.580075970856
2.3875876337679527,0.8845574970632393,4.148881444875231,2809364.269407961,1404.1233824129254,39.97584028997954,97752.53925111509,1756.8337174785584
1.4981610116863262,1.5079679471559926,4.134500594836064,2620262.4490550864,1310.5074694600646,41.82489059601052,56433.79824592235,1661.0728385872048
1.4522264372240206,0.8481828591510581,3.3016204120325123,2364861.938017787,1137.1331362334113,58.46346771850944,128338.95217411328,1788.3147323097182
1.4635653973787934,0.809742372140659,3.79162116582985,3223245.708195724,1480.8923525915911,60.755338488207435,103712.36115168664,1927.6714117509773
1.324938984987703,0.7186032773089118,4.717443399270771,3212121.69291149,1201.09966872779,42.034888039096394,71409.08865214829,1783.5915420266929
1.7970398684145938,0.5013819254231053,4.411948221304622,3400110.4408944906,994.819986338764,38.39990233421546,104688.09435329301,1894.305504289833
1.3938736998655952,0.9402239041839024,4.247117249532571,3274644.1128151338,1209.6341646995236,33.77451217712576,144289.94202584453,1581.196851750553
1.6907828116933767,0.6576480103969908,4.03335765461203,3312067.227397254,1181.628884333836,43.76299342408935,97069.03581729323,1433.5352211023608
1.585380908944067,1.1910986288475425,4.3297206978728315,3191039.309830066,1001.2919620583829,54.15710754339872,96768.82575003976,1644.096150540486
1.8656957586397278,0.6408956624188381,3.5275552955235936,2120795.160699771,1365.5676958957342,39.1235832105897,87166.06905619944,1728.1055121296881
1.6260538790965084,0.9264316452060025,3.209970218993121,2860440.5602768236,1171.9143538492508,61.86136595501041,112940.36727369876,1592.2709264380157
1.135984565715706,1.7830154990524143,3.808956723882516,2283808.769121551,1279.117724561747,53.66678603030491,105027.14556326935,1785.4952792192455
1.102053664483818,1.286281060153018,4.268961528861889,3684606.037746516,1043.818278753375,60.661042664241876,116236.85815783056,1746.2491388217313
1.9225107438230704,1.2132014188519316,4.053914941134305,2992993.1376467915,1167.065760961882,42.03471585850116,85484.96154718632,1422.8899873613925
1.3173867590206674,0.7948120049200356,4.506979339422475,3634877.922742596,1354.8652324775317,57.121158252687984,114578.15139639663,1947.7860407252208
1.1038192260631043,1.1386005835128072,4.175725258280234,2484838.854108007,1150.6343396041104,38.906710721502584,76439.88866329646,1754.6631860631167
1.2991144200390725,1.2120271407841543,4.022421098107171,2954065.392053658,1126.9316860194654,56.91809877052887,109929.38801437292,1569.1782123267687
1.8793875860904021,0.7987048010532352,4.663742477007818,3131687.1248544464,1636.8627404885074,64.40743051462431,84162.39722762036,1496.0809543152334
1.0739361003154464,1.2315451702201548,4.5661878892287335,2834548.927198243,1263.2389851136388,64.26170276836913,100767.89487334661,2255.829504183746
1.240051438872117,1.4978081142662747,3.950954349390279,3093894.6998749604,1346.6613055771031,44.68694766307574,68826.93308463835,1701.6657752637834
1.2999577473610442,1.1129354702901548,3.4484750694919613,3741081.728354191,1349.2475864107892,41.177125933125595,101958.70556034395,1373.7720565835511
1.1246430379580414,1.1506909078989287,3.5463192538722432,2484043.288500349,1219.392727333178,48.34240529036864,99604.45572092614,1508.5298917223818
1.1447017984465009,0.6894758961261441,3.9192744308579233,1681038.7563558107,1305.5249254701198,65.71070277964807,69430.7369260411,1815.9724996762134
1.0445676074209025,0.8501915328476033,3.8165943081737743,3800312.0696666613,1005.3976396969533,36.37711838120393,134624.11407102013,1652.0441391596796
1.3616437760589835,1.464423775357054,4.828881164940325,2604168.8816807196,1489.6417103789727,34.86726998741052,112446.96666451784,1750.6160941633466
1.3935273504779744,1.0346123383548733,3.1599329255276842,3561249.8481112933,1449.3899522355157,29.544796739203925,78206.65939862154,1791.104702970836
1.2952385537390083,0.9675720913893958,3.9678711065553935,3325956.6501354123,1238.042913774336,50.94259294560995,79849.7462526022,1793.222244665513
1.0038906483097076,1.0268542210071607,3.466886756300883,2891656.6009836392,1201.2711751367438,33.00758792703772,95019.96961517437,1792.1552784146659
1.8760007840567987,1.1856334682497924,4.058400934456525,3190172.3948221775,952.0753859106869,61.90900100923314,88647.98776231657,1764.3830488280214
1.1012763512483519,0.9103960222835521,4.191132416446005,2429732.867818254,1405.8621943379228,66.40797113234312,98141.92709326987,2122.8381256277016
1.5834101136068612,1.2316291264925587,3.7975515127930475,3042948.577196395,1148.9926394927254,48.63157091234431,56643.843136009506,1728.3270951171535
1.1775700220643375,0.8599980807192351,4.265240706840758,3297020.1023926917,1321.9533816585495,73.93079308559973,133847.00600388972,2021.2968968847301
1.7004950600224582,1.3935000005189462,3.900686529746853,2612833.636831736,911.8652011935093,52.33500812296253,85651.6207459525,1841.433876601942
1.7867497065501494,0.9357360556650993,3.910302193621915,2809854.4514441597,1326.2909232724878,44.950972098791276,124241.74005902102,1990.8678461553905
1.2367159240117034,1.5300670797330251,3.791055637290545,3156296.759875661,1164.9497890729722,44.78674107014267,96639.54126357973,1911.7784950345358
0.9228852810908622,1.1974918368106542,4.325412144365791,3661636.85482731,1202.3815743769376,64.32952660758403,148956.25774281117,2027.6019579059287
1.7087361957418823,0.9885888929011926,4.069250731853124,2998422.580063612,916.4376467961456,57.928090598665754,117178.91373203095,2308.102852418536
2.0627401640140905,1.427865152395579,4.786619814891396,2784670.0776955155,1335.812859370661,29.697289468153652,121248.15630643943,1783.458716414608
1.6247083619677303,0.8563757802242218,4.6350124384121925,2926792.112732774,1077.4949295765623,31.197824274712517,123914.93175796952,1888.924267594985
1.5481633264439154,1.0632335887456477,4.276887303785289,3580087.9735026895,1190.5977491026601,35.305297126152624,101669.92512315614,2179.2807813680697
1.7459281828830568,1.199981118347346,2.9202791769499763,2679243.832084272,1360.8362002821525,44.07392472427672,103014.28221551265,1847.516112181741
1.7295164537991052,1.1697082991779477,3.2578358439796813,2849883.8014470674,1182.8662292095523,37.01119378216926,97491.0049044873,1271.3150072701173
1.251303349871697,0.6978536329073435,4.493125286394913,2683869.6108825724,1597.248592446627,42.35421989947897,107230.91276155482,1710.201813064733
1.3022546067910057,0.9698383643466584,3.7621807202374713,2897841.7326113787,1020.2393869538411,41.77214066380432,101515.44012648716,1728.218566529567
1.6833370650167732,1.242058585605858,4.117421878839146,3106847.8011688846,1248.097149630726,38.7949229833735,107242.04930137025,1826.638802137641
1.4567959957559122,0.8700271101600223,3.6847623000001377,3516939.1007605586,1282.6646326958682,71.19518710051305,84126.6942826471,1671.1516307557401
1.8949816787590656,1.5166073246664615,4.258943315258122,1937712.3576280521,996.2054439366267,64.1922394601896,91668.12270092612,2263.4739531695354
1.2886973558613726,1.3237952221964966,4.478994972047253,3277744.4578810176,1217.481801523438,67.79968565746562,111087.32201593246,2236.7440883856707
1.7251829750605443,1.0714399023222323,3.3951861302071915,2554205.0587999257,1161.0236485824714,66.78401435254432,100419.85900591774,1474.2057156797416
1.6027913944107683,1.144926883674984,3.593214287256231,3296535.0025651567,1245.1628851892208,49.29151641421189,109692.91253479678,1615.033799302954
1.4620687308871096,1.6653910309579545,3.1681357933341436,3619817.4946506023,1290.7295958841216,51.10649344023159,113419.41877176886,2011.617627969982
1.8527732315503822,1.4339971127190794,4.116703655914385,3497797.5059999125,1479.6501663921063,40.72360872198615,117759.82804255532,1637.132953071377
1.704021459860229,1.295054786216543,3.1673597895850882,3078979.390079464,1257.6347658462787,51.48376690960327,109878.98020931307,1717.6882876055456
1.1985098539853687,0.846120307391431,3.81695915255068,3417249.4669795334,1309.4138262846272,39.997407210278155,95354.57594722186,1642.357422088175
1.692065604125954,1.6074028296614895,4.2598055732664015,2528308.03180466,1499.8631933804984,33.976064047066394,82695.45561583826,2081.709511936815
1.9124971894482596,1.4631002672184945,5.029046467337481,2966084.957100965,883.1472526284551,42.32972386056428,123157.14460394208,1785.5914183671973
1.460866593304613,1.1628986531100323,4.184209171143726,3759735.5483404933,1147.7606358262483,58.721457750309504,86146.49563243559,2051.0502945848375
1.425403244884508,1.0625754826978038,4.626442370987461,2605372.2351118205,1207.6343727082944,50.969913828322085,100002.33268122537,1684.3007354308759
1.2991058557069426,1.1530240153058067,4.129579421279883,3098634.582519705,888.8879318764384,56.02852599358447,132354.3733543065,1959.4980498462612
1.4959188342973948,0.8995158297832565,4.154621704692508,2815412.3138610995,1215.3360940963814,50.17095653779809,84140.3492375865,1747.2625846797582
1.705860205815873,1.0823036105731647,3.894538551113403,2902445.7648937055,728.838817453184,40.81285731182477,94550.74218112975,1838.4987370990775
1.2546995101263758,1.3907901285386288,3.808364933548183,3203035.5975732557,1341.1075449301552,55.19477423719456,102369.86225983496,1714.228591795103
1.096092731778828,0.7480946806893569,4.587189075771348,2865240.547393297,904.3429128481673,50.94832367432409,64269.823402601345,1748.0681875666185
1.3872750267054221,1.1214814064394312,4.187337176412483,2998295.4267309345,949.7630119646292,63.1591144106182,78620.48752252839,1781.7433898928664
1.086082506402375,1.2284389932199593,4.168148172442278,2747708.3651937693,1304.8688706452115,63.54977771907936,125027.29701053275,1850.0395916880716
1.6569655323847894,1.225892009330832,3.695912369784467,2087485.8374145355,866.4853304838589,47.03681932462368,109041.92622040192,1956.7102853258893
1.3719930690018596,0.9052657614916435,3.8274791342857815,3096547.064114376,1610.7560549127638,51.21297325378331,116510.44537719656,1609.529225363887
0.9733794466347581,0.9044617771682348,5.033745241489529,3219735.018325618,1223.320553142517,41.04669095111758,105116.16696637473,1535.668982877849
1.395417745578447,1.4722913456145958,3.9662490847858622,3691086.7321020253,1180.5813837522264,41.40224930323941,60943.224391830736,2052.226184432891
1.4422155042617728,0.8938677267959272,4.663084029795999,2934067.2684314814,1440.6385704126635,44.2343944863762,79629.03834231323,2208.063338424437
1.634740684007915,1.4521627390771092,3.73987414433296,2302645.7342953156,1184.058232182349,54.92085665750965,55476.04524621842,1992.368081098562
1.456390937053737,1.079408671222877,4.4007720857741415,2622995.9029633785,1248.126238166134,44.7979682974301,112834.43201407418,2061.7376521491065
2.0606179370519424,1.469949087575234,4.1448977994228065,3270196.172669616,1168.819963855228,65.45390319942553,150000.0,1725.6521404893122
1.3443888445383,1.0947303736487464,3.798143447328432,2957735.244683462,1099.6365794088692,54.73473909056894,68652.50628576231,1923.195082709394
1.481280435425308,0.9083821698459237,4.324281449272241,3139645.4420793825,1274.2375010179046,47.314534514726724,121422.77411898728,1886.7733223177459
1.4691268157211987,1.4141387140983654,3.2282780455537625,2823459.930756143,1305.0056108254146,60.15787715984614,121789.51458231374,1834.9697669943564
1.415211484677893,1.1956521944424507,4.287310714460584,3934904.4570405856,945.3723509448566,42.65077705050445,103734.59313851439,1630.0988792076835
1.542727675503882,1.5621441463311128,4.393451610955823,3863994.005640746,1023.7654050347516,43.556470343956285,72589.76662607284,1476.1008127290625
1.6623693891593019,1.4230500212844595,4.136536594056346,2534202.187273356,1068.1169895007956,63.47259480921411,82666.27278228056,2048.686618791654
1.9020296110609305,1.142643342764051,4.655461848251928,3454515.4965554257,1194.0823569809806,36.93387752324022,59599.675250183886,1956.2637656483564
1.029223161781661,1.0875830995842566,3.9659497726532154,3152031.1949073933,1269.132123496449,48.503576343014196,97488.74337416033,1668.248227702218
1.3468971378581638,1.205843085821812,3.925430407674422,3006779.7626448357,1631.2171289690673,46.203949962099834,104350.3513202364,1870.6372590405044
1.365668572394327,1.2475525044647973,4.177519764554,2570156.0053279097,1255.0080302464146,42.66404700632727,116440.97074669757,1708.7391877778205
1.7813550892085117,0.9795628683170478,4.433853126360087,3810765.3167238245,1165.1312637199537,59.85814918809545,95916.34247246468,1986.082369112228
1.3930010816779967,1.410484893256144,4.284920257226243,3582629.170582863,1057.0238450778368,58.62553522129234,83044.29931111065,1906.0520850744558
0.9314473220762044,1.1006591270474007,3.8866934626687,2271449.9736904325,1397.0565131418323,56.77214166101556,86197.67557734801,2110.0417354257374
1.5263191391599729,1.0942430637116718,3.5023860774106765,3691745.6541296598,1197.6195057552673,50.230176026418064,97367.4356685826,1826.0513417404138
1.4898932305377182,1.0648279156568743,4.331739627973159,2980810.8648238075,1268.350913630403,56.41660457984663,106027.79942859546,1783.7132545019044
1.5539254697313947,1.2577543168358427,3.6052143628634297,2701104.71297858,1199.8641670785032,29.978008856584154,127819.40330439349,1808.5065741703315
1.1879511357061554,1.026986849569786,3.5908623160198667,2511711.1177111175,1310.1154685096956,45.952766280461766,140929.74573564847,2359.9047893499355
2.015710404325351,1.2337425274975735,3.672678411978653,3472410.1559303678,1295.7400011384004,50.3746478953584,99841.0901890487,1937.9009988024552
1.4028420648643962,1.8916507677754677,4.028854403378492,3199947.7607177533,1274.768541014597,44.10460249377866,78443.09689459752,1822.4919684417066
1.4435109424519,1.1865976349821645,3.6018517678547477,2562926.8398658046,1200.7666172585018,51.85775077617408,124568.47252049246,1981.0685033817222
1.2299974290572517,1.091498815425338,3.432155981607485,2594451.105834524,1218.6857584294028,73.82441386002873,150000.0,1753.3288653351542
1.220699398837583,0.7830776929630248,3.6705790277711077,2806238.4481932004,1276.4639117985428,51.12675198201787,84925.00388866191,1871.6510103348844
1.1331789120753644,1.2125554811910173,3.908334094769548,2743746.9771798085,815.1607630155513,54.113416025960326,90050.90251676194,2003.5121956737828
1.382006744465653,0.9226922641875984,4.227142234072537,3263890.1560763135,1193.185474236246,52.02738185137297,97593.18386349789,1283.051108699376
1.2127254483730097,1.1061104702571067,4.03363345538187,3189368.4965419048,1396.157894612791,38.019561522145544,100443.71550284368,1535.8243594713963
2.1169402023675663,1.2379018984117858,3.4597689523755624,2682175.0485697626,1103.9370977317908,35.119489827656594,86471.69617230183,1551.409015343124
0.9334522858839555,0.7672526375444619,4.114331065785528,2171245.287612538,781.9762002494015,33.798186739044986,72265.94643545496,1732.542119695579
1.161500835545462,1.2393656880996147,4.161377760698,2333000.366575121,922.9929887218655,52.81073899321239,112246.74161644415,1730.1957202487943
1.3795756714628955,1.2761287938565111,3.772518404792724,3435027.7544152252,1215.0395073982893,29.606371899316756,97296.47110354857,1891.303006611847
1.7020473834294974,0.875724995083337,3.6018769705860185,2502594.763229515,1055.8480863559548,56.42864674627117,122581.67437481512,1934.4199540619372
1.3758729355859813,1.101922701967728,3.6016849229688095,3055567.599435298,1226.7849888772062,47.97864446661052,110886.59633880897,2094.8834182218943
1.7027890179008933,0.7423334094555488,3.7340938415772236,2118421.233098951,1196.307566509549,54.519251581299635,120402.33371966988,1736.5416563537535
1.2039588332129034,1.5938752339606013,5.107121018217937,3198529.9178315024,1106.1691798202844,36.732688932606656,101259.99492585426,1721.5868556128376
1.517787340168412,1.2826408191372112,3.5554637956047266,3959763.2027855096,1017.0004355419717,65.5266042498475,114028.57531896373,1705.4659941035502
2.02321232610325,1.1551028747552243,4.13299958358944,2335966.384498957,1239.0973909563197,49.409299745456,85452.91759911674,1621.3356281436052
1.2096766812901567,1.1591410423359594,3.6429487018135402,3274848.6345573612,1213.7863390869484,31.066347296506546,110051.00722053832,1840.140791907415
1.6258703027686183,1.482860902016442,3.7470084421073397,3136230.9665573044,1175.2221006074753,62.33520292611253,120228.19645501797,1556.229354266061
1.562078255784978,1.1764586120198472,3.6469317803017987,3458941.9730770704,1374.4828874114007,37.26713789795919,126560.37280166178,2030.9777027349246
0.8245395042036391,1.2827041928189382,4.400601192953286,2934379.840332169,1240.2668876449652,37.78060343122597,94127.78798609225,1853.4117243063913
1.3233088360587963,1.5796573900913737,4.189553914271653,3136412.4710326325,1080.7936928054494,38.02326029419706,112007.09502623207,1963.8965542468773
1.8393455715917968,1.1134582129994504,3.935328099429598,3090987.0640747347,1128.2812099852804,46.896674865150324,126134.64843778952,2124.2071371814895
1.5405233017454096,0.9268411688733169,4.251467473324885,3286421.4094853797,1187.6138102841592,55.87234479263684,68887.54167204395,1346.6121711915164
1.136319311131181,0.9938748563115947,4.37173284763692,2580443.6474881773,1224.6381546346686,55.58141494803194,92871.5295772296,1773.366421556933
1.7072331818746929,1.5571659586098245,3.574642476799247,3096224.380692247,1467.2830341511903,75.21371112507754,111701.84699800049,1680.463279668825
1.3562631164056942,1.2228570771285143,4.273626206591516,3405162.7987422626,1537.6154481783256,43.366048635555714,94350.39537927903,1892.6554324787362
1.608015218424251,1.0744171779325815,3.6411841577891932,3583995.2957123057,1106.2109375882312,45.43325183066689,86926.69912446651,1968.5078854984317
1.613076034331289,1.4434110949497896,4.418967613596761,3247864.4577618376,996.1185736254808,36.363613510715325,108854.79415204423,1886.3155822961367
1.1643913196563282,1.44948934641929,4.3700992396932765,2434021.733019359,1091.4236973678294,39.03159379563486,90711.46111248105,1827.3413686121419
1.7369484104202897,1.0810880580233904,4.201851525348388,2223210.912239965,1284.0252525435674,61.206659044957476,101619.32151287571,1766.4368780625857
1.1977473596294472,0.9570157907286373,3.895036829387982,3204312.7804203047,1366.557269637843,44.968959340830395,69177.83974206213,1985.6401385467625
1.108264240097508,0.8073678497346974,3.73694536843945,2494178.1234135465,1118.3770286213817,54.517365702529574,90819.11222900472,1805.8488435308998
1.235151303683389,0.7515277697684407,3.8681856506634524,3422167.303042939,1017.1646837230103,50.320240423822,105829.76922778158,2139.573005736791
1.3961729898410418,1.1337533870385008,4.384577382026765,2856107.81821944,1276.4722339664454,39.49765191985031,98221.6546518291,1698.412534878291
1.5328209469323788,0.9767010132408017,3.6588344771661596,3505807.9716964904,1324.718584453719,41.75800787568561,99332.03992892409,2165.6632331881406
1.268224880288268,1.6646186024515464,4.024835619985171,4062908.3123043953,1406.9287410293218,31.248280717624052,106578.58599051296,1563.7301995851935
1.7234457937185348,1.214634438673756,3.126185415339115,2968838.6624042317,1072.4565579773055,47.97029627743861,122116.45017973203,1854.801625349261
1.5754392552130783,0.7144626141872099,4.13018732926215,2941999.806765513,1265.77249504336,50.791453160847816,95351.79998891913,1816.0866369704995
1.2915605354683493,1.5546823188775156,3.4822357912895248,3506746.4746013894,873.6600859086861,46.95999083792525,99773.78682640905,1659.5695053166455
1.7666978752784566,1.240427577354399,3.3409316340824735,3531952.513894846,1178.860588369447,59.9337636049268,101723.03428695003,1529.2360757576178
1.848320507293945,1.3762448700932763,4.25935744097032,3850804.0840563728,1343.7029012793844,36.75444550262117,90668.85366744822,1986.2663138719254
1.4703945909571459,1.3705086942083524,4.105168765066905,3098284.809658085,1496.7441383331236,50.464985431863056,84507.3757550663,1800.1954778479735
1.4355050865108328,1.2741391418216348,3.7783112551759963,2683566.5208288375,1260.4325907744,39.96183444321591,117111.84770465942,1991.2097132966137
0.9678685940230946,1.3308356576086358,3.848952162115346,3003856.828627097,1151.6499714684103,53.80720546118831,76978.94457489802,2157.003650074333
1.3777462222825594,1.2596901679324264,5.1355168837283465,2688185.4034401183,918.8078131920984,41.032816623487804,112111.79674286663,1935.4312351256099
1.4125479862303905,0.9234035235086406,3.9029278534885163,3119904.8517143545,1245.6742200529118,58.12570581001249,96019.81461398269,1992.6808330127378
1.5736138221779077,1.2916830495356184,3.899391985861205,2565880.1560665136,1326.3517838129326,56.373611846835914,93418.03647093334,1724.295276563791
1.4494720705108581,1.455976376248135,4.326152639577372,3451003.2281591366,1402.7331520014066,53.32711939832992,106707.14290964317,2085.9117503834777
1.5732080814421483,1.1474858968385455,4.043606168634177,3348745.0772939706,1248.6423421309698,52.58236801812323,109729.034775367,2106.454615184104
1.9602270867911593,1.337825554517439,4.4937142248787865,3069516.6519588334,1008.9057266317668,52.85743880026545,79456.35739135018,1914.384566431944
1.3410257704098971,1.3048972862995154,4.138724400941071,3012788.2733779703,1310.7007682382848,53.33279399627567,99500.5248705606,1756.5534763700841
1.352708315230246,1.6539130159797768,4.3805445712691915,2901778.540909437,1537.975905871317,55.318067066581044,91357.92048360656,1810.863596844984
1.1072504057092254,1.13681242482506,4.221665206492417,3656127.6017608168,1147.5202851958686,46.45234312887681,85379.8229597658,1831.1995172185784
1.4974018599775243,1.1269989593074397,4.3226518824118205,3593708.7413448067,1039.5107864808133,38.791854293331454,58376.607207162604,1893.5619088722838
1.793043894740883,1.1707670649633126,3.978673515076911,3072858.427288889,1134.0646379024884,49.562069276512716,117188.95138269631,1798.8799721267676
0.9746788952422891,1.1744022312240774,4.111263888634552,2571675.0614470025,1197.364271175539,55.13008284757139,117977.4802127624,1742.7229238865575
1.3002429098941837,0.6318455722614245,3.864482253399705,2411575.840405194,1095.3036943736388,55.11598224463385,76864.10391391415,1766.6876910262986
1.5107821507511756,1.0393475396333571,4.30208475369317,3143810.356518868,1341.2665680969208,67.30055279797912,98030.33419619472,1801.181195985383
1.7550308650573312,1.2749712666364432,3.326980657717327,2680969.0312918024,1286.1460363802862,45.006959198272114,75673.88893132942,2045.6835589946381
1.6148610717080596,1.1979358713330366,4.3630681449440285,3237966.936188061,1133.1349376873247,35.892163712090046,93027.65815855551,1614.4412577232831
1.5976390884546392,1.0001652114507167,4.499012675111104,2806652.2313151197,1196.0349514297782,44.55171344650853,87375.31388579324,1413.0268782125581
1.4327061642087298,1.0338051869561549,4.37088088895736,3386877.1796193053,892.1868300243599,45.77405886539066,127136.19989221761,1496.8588279668213
1.6445622771056145,1.1110967179257603,3.9479511402416922,3103707.622239435,1264.2508551018777,41.950429193021094,72710.41344608885,1845.561711252021
1.8042911650600382,0.9996070547993948,4.252614605553482,3499026.5309758773,921.2386713249882,39.607939868373,64360.22344880626,1856.1821001005567
0.987302467035239,1.0717373473891498,3.6117106660281206,1883047.373852854,1144.5336887820042,48.63628448855949,93050.85975072028,2034.9557087173275
1.7185606202505401,1.0651524701303663,4.418551106950521,2886474.877087567,1107.731107253928,49.308885367121256,94261.03227939553,2297.217004150145
1.470372058239986,1.4238427116517942,3.4503923547041486,4108394.0666334173,1293.3158001298696,39.61728487318696,139359.6927772003,1767.9322372149163
1.3410033407356456,1.4540978171352692,4.296865560624765,1748419.494131531,1111.1715880234037,38.55564050513773,84859.49403232541,2012.5393945826604
0.7670772642362056,1.4333962735986683,4.266328697306694,3421326.108642581,1190.608410490011,53.69963143130398,129556.65044319165,1684.5366392816024
1.0858946029037102,1.3066754497938045,4.203363918131847,3209001.870384471,1499.0384067599875,54.71586943607916,110144.92187755062,2021.1841033009036
2.0094176976741753,1.0229193788966129,3.77645817787637,3642850.5271746176,886.1135920453642,41.81338370955793,133105.80992852093,1857.5484790431447
1.2934354402609336,1.4399576124984326,4.380083116483772,2913204.102237186,1222.6203253428025,48.27994839106167,105603.86441816576,1561.6447736012865
1.1745693686240755,1.1214373533701425,3.0813675687181794,3595177.21952644,1372.8418541782114,54.96622859414285,67797.8136082069,1865.968525382297
1.3630722131569222,1.2057630520648674,4.388610906183979,3608452.902069389,1074.449960779841,51.30761694908861,81514.162783142,1905.213941470743
1.276455833442422,1.534555132982647,4.095718954766458,3098390.046350722,1204.184492852645,65.62581220529142,110967.90569000335,1878.0946817429656
1.5373075897856747,1.22099821403291,4.5254793362709265,2417994.0608152584,927.7342282398126,36.57802568362,82341.05044989115,1745.6725518045037
1.9550921034739834,1.2618210075594047,4.100024492458274,3456502.26704094,878.2441727260257,34.43230824408634,147871.40341779776,2095.751899761064
1.3240152147443358,0.8468051285008527,4.9190950733798555,2513281.502357415,1344.4218044408824,57.22829077756458,63469.67665056197,2029.0714614374222
1.5462870151655614,1.3217523234417132,3.529090333275927,2931311.7147177933,1134.571279969136,53.50118267866771,87463.20281220204,1938.8023925299397
1.1558288576279294,0.9549983381743796,4.304703659250784,3473454.1220812635,937.4630306594073,44.519560169566184,109454.22759621682,1661.8433102130352
1.9560499326619596,1.4529849140919755,3.5569977554221395,3546033.8532453496,1105.3242100933899,60.87258762130317,100442.62602647548,1722.558452664832
1.556713032724233,1.1538502057067874,3.9368069097728875,2826020.513397512,1320.8868799110255,43.55021503139498,90602.70689385399,1965.5080541312166
1.175454263012814,0.6409577894957224,4.371186293821338,3313491.46818689,1310.2463434427125,55.118784149237875,129000.12816108894,2142.332180642932
1.7712918660403927,1.1104949743591646,4.312715163105251,2228731.693057264,1409.546834431916,48.205578032475685,101549.41372276793,2007.607503234211
1.8599962945747839,1.1429913654285206,5.039769340178839,2763809.549365295,1099.2006296548516,42.24968637275919,121570.41427568189,1764.9351628828765
1.5484369090222907,1.321368806519523,3.82429663331825,3734459.447961889,1074.5126849837677,45.761100325152334,91638.89762111648,1833.112480573386
1.0081809097377672,1.3676280976617918,4.643000672073091,3671694.023923055,1266.1762792443212,61.715250849261594,120862.91860416594,2048.610596384354
2.0355506440549425,1.1180589388197029,3.872849906434904,3334606.9182078936,1400.0191123335535,46.137533897376485,104686.7762245108,1541.869081022565
1.593036756187958,1.4532170487134686,3.6495499558576507,2929082.757095731,1125.088287662772,65.08257404390281,67614.33461525386,1520.7186688912125
1.851136289208436,0.4082361678367734,3.188523219291488,3423630.158323088,1391.6382280596413,51.5542867683944,75779.39688207925,2011.5540929453355
1.3347320384648573,1.0215027504936927,4.081335312951075,2988385.9039811064,1133.3060359515248,47.464052833376286,122596.84132990005,1828.9610788567115
1.3804128225798298,0.9219089322907033,3.739347197191936,3084114.3037466984,1607.490388475076,39.95740201184846,100057.43834547649,1613.4705039952864
1.5331359327871696,0.8864541223537696,4.423758684914452,3044191.454203055,856.0652192355827,56.76501261797448,122914.63433294068,1763.6763128945304
1.834020503410764,1.4399265928368776,3.7357996225327836,2612239.8469691006,1506.9669753758571,52.06143602685075,114569.93588573704,1731.4887582332346
1.5428970084501483,1.4072925997562122,3.7616992212090277,3362962.405659688,900.503959661565,49.2172495030382,77638.32434407357,1902.3678807360027
1.1229498562398956,1.0060574948974446,4.177327638215469,2465026.3697124454,1444.6346720657623,50.9990781015136,76206.11273495707,1776.605745065511
1.5785967590350023,1.49451425098999,4.860607899069696,3387922.427094879,1217.1601285579247,48.78566057206856,97963.27998154497,1888.7030436854584
1.98886025835323,1.2253667231131045,3.455675059531926,2519698.7647140403,1109.3314189603364,38.033861111826525,103393.82891344503,2118.4040978132516
1.5197418847388493,1.0945789748062118,4.508806402365998,2638962.142051257,1018.2459522149836,56.54491789693032,86087.28981559805,1840.0009014636478
1.5388156571329448,1.0267693009068908,4.4370526498976846,1579576.3220983623,1014.3755712478933,68.57149160671793,110220.85829193087,1780.423109300149
1.1212368771648542,1.0054320683842268,3.889527014815783,2921958.2741291514,1336.3511913242496,66.98026566693233,95714.87286585878,1699.030149823991
1.079103273683148,1.3181937143623836,4.33770814250917,3094594.4874646794,1292.0618427963284,51.05538268707551,84864.61357118763,1706.4449408751898
1.3086923583560275,1.3625387252417505,3.8578617868362617,3413536.2540267333,1162.3110935243621,47.4648039679687,105100.72134237012,1779.9681641254174
1.402044706014383,1.2596253030469773,5.185694227012625,3655438.00484934,1194.68315151732,50.84646250411945,87139.12005251515,2005.6661376940765
1.531218220503084,0.6874455806542257,3.9439523541224606,2254893.286085284,1025.7437605141915,43.786061775900166,70985.21091267542,1959.1943052389265
1.549787092342253,1.274089664013226,4.040207046776332,3492413.743539948,1173.4865106021466,52.81030684534598,131444.0286195815,1505.5527064341572
1.9805722953050786,1.3413491410097014,3.8371041954245877,2767982.8731999216,1377.1682223435569,53.744882718762504,60645.835789258184,2176.0526212106042
1.517606231534973,1.0326985986338877,3.1532729762442306,2963969.950896184,1018.4816009053364,37.970908965162245,66848.67812182255,1691.2569507157632
1.8193268065232724,1.2108126357245883,3.8684233100609053,2947365.822213789,1304.2275028878767,46.71148228320333,116587.06987700427,1691.8422285670217
1.4882011996065254,0.7340289251748131,4.1160184857694535,2775242.664590153,1107.7106273690813,58.74201691618976,105268.94284804323,1766.7056424304076
1.9346710834877283,0.8925077345800567,4.750461310828365,2555044.471558533,894.4861467492756,59.00468740702303,88651.32483767906,2212.4126774200786
0.9388807563758398,1.1189411629398682,4.245978563898283,3139608.357606994,1412.3357663761942,37.41694449273345,138815.66067090878,1928.6389067426512
1.3203804699964712,1.1225622139959734,3.9053089061336514,3405572.522328075,925.2105684297162,60.95854887241417,92112.64953718199,1846.7316890734546
1.7949100188777722,1.2879198429374004,4.029971596373809,2370114.143620003,1107.0344533373186,47.143025846476974,97751.15313208172,1684.0437922793144
1.4485211984229853,0.9032686533676475,4.163670183204149,2990270.6218133387,1413.8506870948686,49.73294664949716,100311.14362400657,1836.4954703137403
1.7794588840163899,1.1146984838448317,3.810516970710533,2685493.8726566485,1042.5578412447767,48.37016006057017,112248.36065400098,2256.336571973522
1.6155198308331813,1.0775550548966477,4.341118508401431,3547960.8889092933,1388.5106847640818,28.862946039354846,113810.42092056107,1974.8653849527004
1.7837630951139103,1.332002618494802,4.812544079043341,3246789.77347234,1110.2996856687275,54.21073452722786,127247.15935299003,1711.8280042459373
1.683920318408653,1.5552606920920828,3.8184256307522317,3754352.557212678,1181.2821643462244,33.91353252788405,90648.92589546525,1731.6565773792468
1.702094680144125,1.6302300799525187,4.603765132925181,2225617.4992754324,1576.9094953610488,58.30076298903833,99082.64188110556,1921.3855350876283
1.947736616145465,0.8078899882921606,4.438163152115661,3517098.3001805805,1427.1581322333654,36.979021396773184,94008.02482453285,1992.9291984388099
1.7959422056102818,1.1879964520623856,4.268622430526932,3081332.7052442865,1217.2370865869448,60.60173683310737,73422.2332897048,1570.6008096579471
1.7981420121409228,0.9218676724388086,4.055962809278433,2637413.2751023658,1069.201890486038,52.31078102284178,93415.30093549643,1878.2289288595339
1.506125627635673,1.18381376212844,4.168891935491355,3244601.7467793515,1205.3772538914513,56.083893332653496,106654.78078338694,1944.656368637291
1.3254449370549384,1.3057298199039873,3.8913034130640956,3783016.6364137623,1529.9219459988835,42.829938567015844,102291.87888105166,2052.2200353305534
1.302131973518311,1.220372724675853,4.918434251863299,3802307.062336458,1634.4101827165616,31.91020434852009,128561.5632739757,1559.1232608766709
1.725283379156904,1.1877470753013848,3.6407984221222685,3411109.1021283027,1076.033593192682,40.19008288227165,103973.74716524314,2261.4173060162884
0.7684618307864929,1.5707597936913253,4.567472347142967,2504197.657089561,1488.8490124982775,53.208335804986056,80187.94120383005,1718.917996514719
1.1078465435087144,1.3802473479259771,4.774860860632808,3154931.726711267,884.4344424434721,54.56775395596746,89688.91682537948,1712.3815625956186
1.2110238942363631,1.1318363846155541,3.83843283358865,3171211.2880399935,1317.641281605941,41.39407448460574,83671.81344300257,1700.0206444641863
1.4257135863919148,1.2060528402238233,4.5829234796460545,3621008.311321814,1274.8732841487222,63.25387940020455,87984.10102778528,1917.5293679307329
0.7105685889574999,1.4177244516973497,4.071990673115505,2917562.410490062,1408.219384383161,49.80962003403899,98232.39045401837,1614.6916811526653
1.8776163907767998,1.3524476265098198,4.031179894317751,3007785.8915079394,1033.51823486255,33.596268799289135,115247.12901174383,2147.396444880599
1.680052570898878,1.0937309740747945,3.9627181535819394,2673245.6535344548,1229.2034307449758,52.69267846092361,117278.8372064144,1708.0900904986543
2.09537471953757,0.7561892897241076,3.1931344497287895,3334043.660318525,827.6480492526905,42.27245745248592,81739.83296748316,1825.1643936264522
1.8186643406768346,0.9038356268068275,4.273961979125852,2892294.7554230746,1073.98695633855,58.22154925847346,108408.72655855342,1576.0106860666738
1.8091137993456083,1.2364948062533787,4.721775882175873,3092989.2943777945,1196.5992834652036,52.24953497268768,98634.33584921577,1695.6226091040937
2.17520280930926,0.7533682868302486,3.6476397886876972,2765224.993558054,1238.9026165178457,51.50489883186696,92975.5185755124,1397.3139895385152
1.328712573942771,1.161901375495893,4.4236693290395195,3023619.806866209,1758.3942332728082,47.111460896649305,86641.54355845333,1794.2583200895356
1.0489624802251818,1.0866077059531178,3.957397303853139,2459793.497511503,1098.1210012700135,61.23232884378467,85286.4142038108,1779.3715084879084
1.4302927810521782,1.4498132007618008,3.453655362511293,3080444.5834127236,1204.1702032914025,40.910903576775844,89363.40976107323,1447.7373685377838
1.2525023838458518,0.870489044131136,4.498944982859892,2698712.387886176,969.5995077031487,53.36285807054689,120870.21156946805,1762.9666559562563
1.422946391692666,0.7170577552747528,4.843018415648122,3349664.2772141215,822.7206804007154,50.419481447047524,118809.16277127646,1900.8153642449342
1.184934302922573,1.095089814597473,3.602873820565195,3923726.7092522634,1379.6709813816142,39.66562300632992,116596.02033890877,2070.913352916807
1.6703640202361991,1.3586907828983805,4.1079008477664365,3422850.621060737,1381.0905671936862,49.246651375114695,54505.7581479785,1618.4095593033699
1.6538948548796173,1.4674796497318379,3.280132146160325,2440038.743083192,924.911892037193,40.53800927152811,124872.11705576765,1436.3910822479052
1.4919232228295183,0.9726682458600142,3.9789963407143825,2820351.642050748,862.0418210622753,70.40431994540761,106074.3991041565,1775.453420608918
1.593474451014864,1.3175659368990464,4.243033201421632,2195152.4579412667,1072.823678054853,60.15916973220083,117318.24442711085,2158.8972034059125
1.457384781861245,0.9221423880594113,4.87645480292173,3006785.0309459884,1533.4051573687868,33.66211831482429,96574.72680126538,1735.8980973018154
